0,5,0,0,0
0,0,12,0,5
0,0,0,0,44
0,0,0,3,0
0,4,0,0,19
4,0,0,18,0
3,0,0,0,0
0,9,0,0,0
1,0,15,7,0
0,3,0,0,0
0,0,30,0,13
18,15,0,0,0
11,28,2,0,0
0,8,0,52,6
7,21,4,0,0
0,16,27,1,0
42,13,0,0,0
0,13,0,5,0
0,1,0,0,0
1,0,4,2,0
0,26,0,0,46
6,0,6,0,0
8,4,0,0,2
0,2,0,0,0
0,0,0,0,8
0,0,0,0,0
3,0,13,3,0
0,0,0,0,19
0,0,33,0,0
0,0,5,0,12
9,0,0,0,26
0,0,0,10,14
0,12,0,4,0
0,0,0,4,0
0,5,0,0,0
0,19,0,0,0
0,35,31,0,0
0,14,1,16,0
16,0,0,6,1
0,0,0,10,0
0,10,3,0,0
0,0,16,30,1
0,0,0,0,2
0,0,23,0,0
19,11,0,0,0
0,0,1,0,44
15,0,0,0,17
0,0,9,1,11
0,1,0,0,0
0,2,0,0,13
28,5,0,11,7
0,0,0,4,10
6,6,0,6,0
25,3,0,0,20
0,0,0,0,1
0,0,0,0,0
0,2,0,8,0
0,0,30,0,0
0,0,4,0,0
0,0,18,0,0
0,7,0,8,0
34,0,22,0,4
0,0,0,23,0
14,0,0,0,0
54,0,25,32,0
36,7,3,7,16
7,0,0,0,0
0,5,0,0,18
0,0,0,0,0
0,0,4,0,0
0,7,0,0,7
0,0,45,0,0
0,0,0,0,0
0,14,0,17,0
0,43,3,0,7
25,16,20,0,5
0,0,5,9,0
0,0,0,0,0
2,0,10,6,2
2,0,0,0,0
4,0,0,0,10
0,0,0,0,0
1,0,1,10,29
0,0,0,24,0
0,24,0,0,26
0,0,0,0,0
1,0,6,0,0
32,24,9,0,4
0,0,0,0,0
0,29,0,3,0
0,7,5,0,0
0,22,0,0,0
0,0,0,47,0
0,0,0,22,14
9,3,9,1,2
0,2,0,0,0
7,0,0,9,0
1,0,0,11,0
4,43,4,0,0
0,8,0,4,9
0,0,0,0,0
32,5,0,0,6
25,10,0,0,0
0,11,0,0,0
0,3,0,0,0
0,0,0,0,1
3,0,3,0,9
0,0,0,0,18
1,1,0,0,5
7,0,35,12,0
0,0,15,3,0
25,5,0,15,0
12,0,3,4,0
0,0,0,1,0
0,7,0,7,39
0,0,0,7,19
0,11,9,12,3
1,36,0,0,0
0,3,0,0,0
4,0,0,0,3
6,0,0,0,5
0,0,0,0,2
3,0,0,0,0
0,8,2,0,6
0,0,0,0,0
0,1,0,0,9
0,0,22,2,10
0,18,13,0,0
0,0,0,0,7
0,2,0,0,0
0,11,29,0,0
0,12,0,0,0
0,2,0,0,39
0,7,1,0,0
4,8,0,18,0
0,0,10,0,15
0,30,0,17,0
0,0,70,0,20
11,0,0,0,9
0,52,0,17,0
11,0,0,0,0
0,1,0,0,0
7,0,0,43,0
1,0,4,0,0
8,0,7,0,13
0,0,0,0,0
0,7,30,0,62
0,0,16,0,0
0,0,18,0,16
0,0,0,0,0
0,0,0,0,0
7,20,0,0,18
0,0,0,0,0
0,0,6,0,38
2,0,3,0,19
19,17,1,14,0
3,1,0,0,9
11,0,10,0,0
0,0,0,0,17
0,0,0,0,25
0,0,0,0,0
0,10,38,4,5
0,0,35,0,0
16,8,0,14,0
0,0,4,0,0
0,22,11,2,3
0,4,9,0,10
0,0,14,4,0
30,0,1,0,7
0,0,13,0,0
11,9,18,0,0
0,14,0,1,0
0,0,0,15,2
0,0,0,0,25
13,0,0,0,0
0,9,9,0,0
0,8,0,0,0
0,4,0,0,0
0,0,0,0,4
0,0,0,7,17
0,27,13,0,0
0,9,0,0,0
3,0,34,0,0
15,1,25,6,7
0,0,0,0,0
0,0,5,0,0
0,25,0,0,0
0,13,0,0,1
0,0,0,3,15
15,14,0,0,0
0,0,0,0,0
0,0,0,0,0
6,0,0,0,0
0,0,0,0,0
0,1,15,32,0
0,6,0,0,0
0,0,0,2,0
33,10,0,0,7
11,0,0,0,14
0,0,3,0,6
0,0,2,0,0
0,0,0,11,10
0,0,0,0,0
4,0,9,28,10
0,0,0,21,0
0,2,0,0,8
0,0,1,0,0
0,0,0,0,0
0,0,0,2,11
21,0,4,0,0
11,4,0,2,0
0,49,0,0,0
0,10,20,0,0
0,0,10,0,0
0,0,8,25,0
10,0,0,6,46
0,32,0,26,2
4,0,0,37,8
8,13,0,0,0
12,0,0,0,0
40,0,0,0,31
4,0,26,0,0
0,5,16,0,6
0,13,3,11,0
27,0,0,0,0
0,16,19,0,0
6,0,0,21,0
1,0,0,0,18
0,6,0,16,5
40,0,0,11,0
0,0,0,2,0
3,0,0,0,0
8,0,21,33,12
0,0,10,0,0
0,23,0,20,0
0,9,0,2,1
17,0,2,9,0
7,0,16,47,10
0,0,0,1,0
0,0,0,6,0
42,10,2,4,0
0,12,14,1,0
0,0,2,0,2
0,0,0,1,0
0,15,0,0,0
6,5,8,0,5
0,7,0,0,0
2,0,20,2,16
14,12,2,0,15
1,3,0,0,33
45,2,1,0,6
0,5,33,0,0
0,0,0,0,0
0,8,0,0,15
5,0,52,1,0
7,36,0,0,16
9,0,0,5,0
16,0,16,15,0
0,7,3,0,0
30,4,0,60,0
0,6,0,3,0
0,0,0,19,0
0,0,0,2,0
14,5,46,0,0
0,0,8,0,16
0,0,34,0,16
0,0,0,15,17
4,68,4,3,0
0,0,4,0,0
0,24,0,0,0
0,0,0,0,4
6,27,0,9,9
0,0,31,0,0
0,0,0,0,0
0,0,0,0,16
0,4,0,22,0
55,17,31,0,0
0,19,32,0,0
15,2,10,0,0
0,0,25,0,0
0,12,0,1,0
4,0,13,11,1
0,0,0,0,0
8,0,0,0,0
0,0,0,0,0
0,0,0,17,0
1,2,0,0,22
0,0,0,2,0
0,0,22,0,0
0,5,9,0,25
0,0,0,17,0
0,0,0,0,20
3,0,0,0,0
0,0,16,0,21
0,0,8,12,0
0,0,0,19,4
1,0,0,0,11
0,0,0,0,7
0,1,0,0,11
19,28,0,0,13
0,0,9,0,11
0,0,0,0,0
10,0,15,0,0
15,11,0,9,0
0,0,0,0,0
0,2,0,0,0
0,0,0,0,63
1,5,37,0,0
0,0,0,0,0
7,9,0,14,0
0,0,0,0,0
1,0,0,0,0
1,0,0,3,0
0,0,0,0,0
4,2,4,24,0
27,0,0,19,30
0,0,0,10,3
11,0,0,6,2
0,10,7,0,2
12,0,0,0,40
0,8,0,2,32
10,0,0,0,3
0,0,0,0,0
14,0,0,0,0
15,0,11,15,7
0,0,0,0,0
32,12,0,0,0
0,12,8,0,4
3,0,4,5,0
0,9,0,0,0
0,0,52,19,12
24,0,0,10,9
22,0,0,0,0
0,0,0,9,0
0,6,0,0,0
0,0,0,0,7
13,0,19,0,0
0,5,0,0,0
0,0,0,0,13
0,0,5,14,40
31,0,30,0,6
23,6,0,0,0
4,20,0,13,7
0,4,3,8,0
4,0,0,11,6
19,1,0,0,3
0,0,0,0,21
0,0,18,13,0
0,9,0,0,8
0,30,0,0,11
0,15,3,0,0
0,0,3,0,1
0,13,7,0,2
0,0,0,0,10
0,39,18,0,0
0,5,0,13,0
6,0,0,0,0
0,2,0,0,0
0,4,0,12,3
1,0,0,0,0
0,0,0,0,0
23,13,0,0,0
0,0,0,6,22
0,28,0,0,0
12,0,26,7,4
0,0,0,0,0
0,8,0,0,4
0,0,8,16,0
0,0,6,0,36
0,10,8,0,0
0,0,0,6,0
0,4,0,0,0
0,0,0,0,6
0,0,0,18,11
0,6,20,0,0
0,0,9,0,0
0,0,0,17,0
3,0,0,2,25
0,11,0,0,15
14,19,8,0,0
0,7,0,31,0
0,0,0,15,0
0,6,0,0,0
10,3,0,0,0
0,0,0,0,7
3,5,3,0,0
0,0,38,0,3
0,7,2,0,27
0,0,5,27,4
0,0,0,0,0
0,0,60,0,9
29,0,5,0,7
0,4,0,41,0
0,0,0,19,0
4,0,0,0,13
1,0,0,0,0
0,7,20,0,0
0,5,11,0,0
0,0,0,0,0
2,5,0,6,0
0,48,6,0,0
0,12,0,0,20
0,3,0,8,3
12,0,0,0,0
0,0,1,0,13
0,0,0,18,16
1,0,42,0,0
11,8,6,0,0
0,18,0,0,31
0,8,18,4,0
15,0,0,45,0
9,5,21,8,0
5,0,0,5,18
5,0,0,0,0
0,4,7,28,1
0,14,7,12,0
12,0,0,19,0
21,0,0,1,0
0,17,0,0,0
21,6,0,0,4
15,0,0,0,2
0,0,0,0,0
0,1,20,0,0
11,0,0,0,9
0,0,0,1,0
0,6,4,9,12
0,5,2,0,0
21,0,18,18,11
0,24,0,0,0
2,0,0,0,3
0,0,0,12,0
0,0,25,5,7
4,19,0,10,11
2,12,0,0,0
8,2,0,0,0
0,0,0,0,9
0,0,0,6,0
0,4,2,0,16
0,0,12,0,0
0,9,13,3,0
0,0,0,0,0
0,0,40,0,0
0,0,0,16,13
0,0,0,0,8
0,11,0,0,0
0,0,0,0,0
0,3,0,24,5
0,3,13,13,11
6,3,2,21,0
0,0,0,2,0
0,0,0,0,3
5,0,5,6,0
0,0,7,0,1
0,8,0,0,0
4,0,0,0,0
0,11,6,0,0
18,0,0,0,6
10,0,0,0,0
14,0,0,17,0
19,0,0,0,0
27,0,0,0,4
0,15,0,0,10
0,22,0,0,0
5,0,3,0,0
4,0,26,0,1
0,19,6,0,15
2,0,9,0,0
0,6,0,0,14
8,3,24,9,0
4,5,0,2,42
0,13,3,0,0
0,10,0,0,0
0,49,0,3,0
0,6,0,17,4
3,3,4,2,0
0,0,30,0,0
0,12,0,0,0
0,28,0,42,0
0,0,0,0,2
33,0,0,1,1
0,29,18,0,5
3,0,0,0,5
4,0,3,0,6
39,0,0,0,2
0,5,0,0,0
32,18,4,0,16
5,0,0,0,0
1,21,5,3,0
0,0,0,10,2
3,14,16,6,0
0,0,0,0,2
81,2,0,6,0
0,0,5,6,0
0,0,0,1,0
14,0,0,0,8
0,0,0,0,0
16,3,4,36,0
0,0,0,0,0
0,0,29,0,26
0,30,0,6,10
0,1,12,0,22
1,0,0,2,0
0,0,0,0,0
0,0,0,3,9
0,4,6,0,0
4,0,0,4,6
0,0,0,0,0
0,3,0,19,0
0,0,18,7,0
2,0,0,1,0
0,3,8,18,25
0,0,0,0,0
0,0,13,0,24
27,0,0,0,0
11,66,0,0,3
12,24,0,15,0
0,0,21,0,0
1,0,0,4,0
0,0,6,9,2
0,0,0,47,23
4,0,0,4,3
0,0,2,0,0
0,0,1,3,0
14,0,0,14,0
0,0,0,0,0
0,23,0,3,0
0,0,0,0,7
0,0,0,0,0
5,0,0,0,0
24,0,14,0,0
29,0,0,0,0
24,0,18,0,0
12,0,0,0,0
0,0,0,0,0
0,0,8,0,0
14,10,6,0,0
0,0,0,0,0
0,2,10,14,0
0,0,5,0,8
18,1,0,0,8
15,0,0,2,0
0,1,17,13,13
0,11,8,0,3
29,8,0,4,0
0,0,10,6,0
0,0,20,17,0
0,0,5,18,2
0,0,0,0,0
0,0,4,0,0
0,0,0,14,0
3,0,0,23,38
0,0,0,0,0
7,5,7,0,10
0,0,0,4,5
0,9,1,0,0
0,0,4,0,0
2,0,0,35,13
0,4,0,1,0
12,0,28,0,0
0,12,0,0,0
0,37,0,18,0
0,24,6,0,0
0,13,1,0,0
0,0,0,0,0
4,0,0,41,7
2,0,0,0,28
13,0,5,0,0
1,0,11,2,0
0,24,10,0,0
33,16,0,7,20
0,33,4,6,6
0,0,0,11,0
0,0,0,0,0
0,0,0,0,0
0,0,0,9,18
2,11,0,0,0
0,0,0,8,0
0,3,0,0,0
0,0,4,0,0
0,0,0,1,25
16,0,0,0,24
0,15,0,5,6
0,19,31,0,0
9,0,0,0,0
0,0,0,0,3
10,0,3,0,4
4,27,0,2,0
0,1,0,2,0
0,0,0,0,18
0,2,4,38,0
5,0,0,3,26
20,8,0,5,0
0,1,0,1,7
7,0,0,0,0
0,0,3,1,0
7,0,1,14,0
0,11,0,0,26
0,1,21,2,28
11,0,0,5,0
0,6,0,0,0
4,6,13,9,0
0,15,13,0,0
0,0,0,0,0
4,0,50,1,0
23,0,0,1,0
5,0,0,0,0
0,0,0,0,0
0,0,25,3,0
45,0,0,1,0
33,0,3,0,1
0,50,2,0,66
0,22,0,0,0
19,0,0,15,9
19,0,0,0,0
0,0,0,0,0
0,0,3,3,0
21,5,0,0,0
0,5,5,0,0
0,0,0,0,0
0,0,20,0,0
0,13,0,0,0
0,33,0,53,0
15,0,0,7,13
3,2,0,9,0
0,0,1,0,12
2,8,25,0,0
0,0,3,17,0
4,0,0,3,2
0,0,0,0,13
0,0,0,0,0
0,0,62,0,4
3,4,0,19,8
0,1,0,3,0
0,24,0,0,0
11,0,0,0,27
0,1,0,19,33
0,0,11,0,19
0,0,0,0,9
1,0,0,3,0
0,0,35,0,23
0,9,6,0,0
3,0,0,1,0
9,9,0,0,29
29,5,0,0,0
12,0,0,0,0
3,0,0,35,0
11,0,28,20,11
0,53,0,9,2
0,0,7,0,0
0,0,10,0,0
0,0,9,0,0
0,6,0,0,0
15,0,0,0,5
0,2,0,0,27
27,0,3,0,0
4,14,0,0,10
5,4,6,6,0
8,0,0,9,0
0,0,0,0,0
43,6,1,0,13
0,0,11,8,0
0,0,0,9,0
0,10,3,6,0
10,0,10,0,0
7,0,0,0,0
0,0,0,2,0
15,0,0,0,11
0,0,0,0,0
0,0,0,24,0
0,3,0,0,30
0,7,0,22,3
11,0,0,30,0
5,0,6,0,6
0,1,0,0,14
0,24,0,0,18
35,0,0,0,0
0,4,0,0,0
0,0,0,0,0
0,0,1,0,1
11,0,0,0,0
0,0,0,0,0
0,0,10,8,14
0,0,0,2,9
0,3,0,20,3
0,0,4,0,21
11,0,15,2,8
5,0,0,0,0
0,0,5,0,23
1,0,0,0,0
0,3,0,0,0
24,15,1,4,0
0,30,0,13,0
0,0,0,7,0
0,0,4,0,34
7,2,0,0,0
0,30,0,8,4
0,0,0,0,2
15,0,0,8,0
3,0,0,0,0
0,53,0,9,0
0,21,9,0,8
0,0,0,0,4
4,3,0,26,0
0,0,0,0,0
6,0,0,0,4
0,0,12,0,34
0,0,62,9,3
0,27,0,0,0
0,0,0,0,0
0,13,0,0,4
0,0,11,6,0
35,6,0,0,22
18,10,0,34,21
0,0,7,0,0
0,25,0,4,22
6,22,0,13,3
12,0,19,0,0
0,0,57,0,7
0,0,0,0,0
0,0,0,0,0
0,32,0,0,0
2,0,0,0,0
0,0,30,0,0
0,0,0,13,0
3,9,30,43,0
0,0,0,35,6
0,27,0,11,0
0,2,0,21,1
16,0,30,0,0
0,44,5,0,0
0,0,0,0,27
0,0,0,0,1
0,23,0,0,0
9,41,0,0,1
0,2,0,0,3
0,10,0,27,0
0,23,0,34,0
0,0,0,0,0
0,30,10,0,0
3,0,0,0,0
0,6,0,6,0
0,19,13,7,11
0,16,0,0,0
0,4,0,1,1
0,0,0,0,13
0,0,0,0,0
0,0,0,0,0
24,0,13,9,0
9,0,0,3,0
18,0,0,0,8
6,0,0,13,14
3,2,0,0,27
0,8,0,0,11
0,1,9,0,0
0,11,0,4,0
9,0,0,23,6
0,3,0,0,0
0,0,0,0,3
2,0,0,32,3
35,28,0,0,0
0,3,0,0,0
1,0,50,0,24
16,0,0,0,23
0,0,6,0,19
0,8,14,0,0
3,0,12,0,0
0,19,10,4,9
0,19,8,1,2
12,0,2,9,10
0,11,0,0,0
0,0,0,22,0
0,0,19,5,31
0,7,0,0,0
11,0,2,0,7
0,3,0,0,11
0,9,19,10,11
0,0,0,44,0
0,0,3,0,3
19,0,0,0,4
0,30,0,3,0
0,0,0,0,0
0,0,14,0,6
0,0,50,20,20
0,6,0,18,0
0,0,0,13,1
0,0,0,0,10
25,0,2,4,0
6,0,0,0,0
0,9,0,3,8
0,0,0,0,0
0,0,0,0,0
0,0,0,13,2
0,5,0,0,31
0,0,0,0,0
0,3,0,10,0
33,0,0,20,13
0,0,0,0,0
0,0,0,19,10
16,0,28,0,0
0,8,0,0,0
0,4,0,0,0
13,3,17,9,0
0,0,0,0,13
6,2,0,38,3
0,0,0,1,5
0,0,0,0,3
2,0,0,0,0
1,1,17,0,0
0,0,0,0,30
6,0,0,0,3
0,0,0,0,17
6,16,9,14,0
0,0,6,44,0
21,0,0,0,0
0,4,50,17,0
0,22,0,0,0
0,16,0,0,0
0,67,0,0,31
0,0,16,0,19
0,4,2,0,9
2,24,0,0,14
0,0,0,8,6
11,17,0,22,17
0,0,0,12,3
0,5,0,2,0
0,6,0,0,0
0,0,54,1,0
0,4,42,0,0
1,2,26,0,0
0,0,0,0,7
0,0,0,7,2
14,0,0,0,0
0,2,3,0,0
0,0,0,1,0
0,0,0,0,0
44,0,11,21,0
0,0,0,0,6
0,5,6,12,0
0,0,3,0,0
0,0,50,0,7
26,0,0,21,0
10,11,0,0,10
0,15,0,9,0
0,0,3,0,0
0,0,0,0,0
15,11,3,0,0
4,18,0,29,3
0,13,0,0,0
0,15,0,0,0
0,0,2,16,2
20,13,0,15,0
0,1,0,2,41
0,8,0,0,1
0,12,18,0,8
19,23,0,0,30
25,0,0,3,9
0,0,3,0,0
0,0,15,0,17
22,0,0,0,8
30,0,2,1,24
0,0,0,9,0
14,5,0,0,0
0,0,0,3,0
0,4,28,0,0
0,7,7,0,0
0,28,0,0,1
4,0,13,1,0
0,0,3,11,5
24,10,1,2,0
6,2,0,34,20
0,0,0,0,0
0,0,0,6,0
0,18,0,0,0
0,0,0,0,0
4,26,0,0,0
0,0,38,0,22
0,0,0,3,28
25,12,0,7,18
0,0,0,0,0
0,0,0,0,0
5,0,0,0,15
0,0,11,0,6
7,0,0,0,0
0,0,0,0,0
10,0,0,0,0
0,0,0,0,6
0,0,0,0,5
0,47,0,0,1
0,2,29,0,0
19,0,19,0,0
5,0,17,0,0
4,0,11,6,0
51,0,18,0,27
0,0,0,19,0
0,1,0,20,0
0,4,21,12,2
2,0,0,30,0
0,8,0,0,1
0,0,0,0,6
0,9,0,0,0
14,0,0,0,19
0,5,26,0,0
0,0,0,20,44
0,0,21,0,25
0,0,57,0,0
0,0,0,0,0
2,36,0,0,1
0,16,0,2,0
0,10,0,0,0
0,36,0,0,0
0,0,0,27,6
0,0,0,76,0
5,0,0,10,8
0,0,12,0,0
0,0,0,0,0
28,19,0,0,0
45,0,3,0,0
0,2,0,0,0
0,0,26,0,0
0,7,27,0,3
29,0,25,1,0
0,3,0,6,0
0,12,0,0,9
1,0,0,0,0
0,25,2,18,0
14,9,4,0,0
0,13,21,0,0
0,0,1,0,0
0,7,0,19,0
23,6,44,0,0
0,0,0,0,0
14,7,0,0,0
0,0,0,0,22
0,0,0,10,0
0,0,11,2,0
0,6,0,13,0
0,0,10,0,17
0,0,0,2,6
0,0,0,33,28
0,0,19,11,14
0,3,2,0,4
16,0,2,16,38
0,1,0,9,3
0,0,5,0,10
6,0,11,0,0
0,0,0,0,1
5,1,10,9,0
0,1,0,43,28
0,0,0,0,9
2,0,0,0,8
0,0,0,16,0
0,0,9,15,1
0,0,0,0,4
7,0,26,0,0
42,15,0,0,0
6,7,13,0,0
11,16,0,0,0
0,26,1,2,40
0,4,0,0,2
0,0,2,0,30
0,0,13,0,8
2,0,2,15,0
23,8,0,0,0
2,0,6,0,0
0,0,23,0,16
7,0,0,8,6
16,8,0,0,0
0,0,0,0,0
6,0,10,0,0
0,0,0,0,0
0,0,0,3,9
2,0,0,9,6
0,0,1,4,3
1,16,8,2,0
0,0,0,0,0
0,3,0,0,1
9,11,0,0,1
5,14,0,0,8
27,7,30,0,0
0,0,0,0,15
0,0,0,0,0
4,0,0,6,0
0,16,25,0,5
0,0,0,0,15
44,0,0,0,0
0,0,0,0,0
15,0,0,7,0
33,3,0,0,0
0,0,0,36,0
0,23,0,0,0
3,0,17,15,3
0,25,0,11,14
8,0,0,0,0
0,3,6,0,0
24,0,0,0,0
0,11,0,21,8
0,0,0,0,81
12,9,0,8,0
21,6,0,0,10
0,0,0,0,0
0,0,0,4,18
0,0,7,0,0
3,0,0,0,0
0,0,0,0,17
0,0,8,0,10
0,17,5,0,20
11,17,9,24,31
0,0,20,0,43
0,5,12,0,0
0,4,0,0,0
15,0,0,15,0
5,0,0,3,26
0,0,24,0,0
0,0,0,0,11
0,0,11,0,0
0,0,0,39,0
46,0,0,0,9
11,17,0,0,5
10,5,0,0,5
3,3,6,0,0
0,0,4,2,5
0,0,3,0,0
1,9,23,21,0
5,0,14,0,4
0,0,0,0,12
20,12,15,0,16
1,0,0,1,0
0,0,21,22,0
6,0,0,25,14
0,0,0,1,0
4,0,12,7,0
29,0,0,0,0
0,19,0,0,8
0,0,0,4,0
8,0,0,0,0
0,0,18,8,0
4,1,24,0,0
10,16,0,32,5
0,0,0,0,0
15,0,0,50,0
0,0,0,26,2
0,0,0,2,0
0,0,0,7,0
0,3,0,0,23
0,0,35,0,0
0,0,0,6,7
5,5,0,0,5
0,0,0,0,2
13,0,6,0,0
0,0,2,0,3
0,1,5,15,0
0,4,14,12,0
2,6,5,43,18
0,0,0,15,0
30,0,0,39,15
0,0,5,2,12
21,0,4,0,5
1,5,3,10,30
0,0,0,0,5
0,0,0,0,3
0,8,0,7,0
0,0,0,0,0
59,0,11,9,0
0,13,2,15,0
15,3,0,0,0
0,0,0,0,0
25,13,36,0,0
17,0,1,10,10
3,0,6,0,81
0,0,0,7,32
12,12,28,6,0
17,0,0,8,4
0,0,7,16,0
2,10,3,14,0
9,0,0,0,0
4,12,0,0,0
0,0,1,0,15
0,0,0,0,0
0,41,0,0,0
0,3,25,22,0
0,0,0,8,0
0,20,0,0,4
35,9,13,0,0
21,0,7,10,0
2,13,25,0,0
0,3,0,0,0
21,0,10,0,0
1,0,14,0,0
15,0,0,15,0
14,0,8,6,0
22,10,0,0,0
0,0,0,0,22
0,0,5,0,4
7,0,2,0,25
37,12,0,3,0
0,48,11,0,23
0,0,0,0,16
0,0,0,20,0
26,0,8,0,0
0,0,5,18,26
0,7,4,0,20
0,0,0,8,20
0,0,0,35,9
0,14,0,0,0
0,0,20,0,20
39,0,2,0,0
0,1,6,15,0
0,2,0,0,9
0,0,0,0,0
0,27,0,0,11
0,2,0,0,21
13,0,0,5,0
15,0,0,0,14
16,0,1,0,0
19,0,0,8,0
0,0,0,0,0
0,16,12,0,4
0,0,31,11,0
0,11,7,0,0
0,0,0,6,0
0,19,7,0,0
0,0,1,0,6
0,0,0,0,6
0,0,3,0,6
29,0,13,5,1
5,0,0,0,0
8,9,8,0,0
0,1,4,0,8
0,15,0,23,2
0,8,0,19,0
9,0,2,0,0
0,0,18,0,0
0,0,11,0,0
20,5,0,0,0
0,0,0,7,0
27,0,0,0,9
9,0,0,6,0
10,11,0,0,14
14,0,0,0,3
4,0,0,0,0
0,19,0,0,16
0,0,0,0,0
0,0,0,0,0
0,57,17,10,30
13,0,12,0,29
35,5,0,0,16
2,2,0,0,0
14,0,0,5,21
0,0,0,4,2
16,0,19,0,45
12,12,26,0,0
0,0,0,18,18
0,2,0,0,0
0,0,0,0,17
54,0,0,8,0
1,0,0,18,0
0,28,0,8,19
20,15,0,31,0
32,0,0,17,23
0,0,0,0,3
11,0,0,12,0
0,0,0,8,0
3,0,8,27,0
2,2,0,9,0
8,0,12,0,0
0,8,0,0,0
20,0,17,6,3
4,25,0,20,14
16,0,5,7,0
2,0,0,0,1
40,3,9,30,7
0,17,0,50,1
0,0,0,4,0
0,19,0,52,2
0,7,0,16,0
0,0,38,7,35
2,0,0,0,23
0,0,0,2,0
10,12,26,8,0
0,0,0,0,3
0,0,0,0,0
32,0,0,0,0
0,15,8,13,0
27,27,3,11,0
0,7,1,0,16
0,0,2,0,0
26,0,9,0,0
0,4,0,2,0
0,0,0,0,0
0,3,10,26,10
0,33,0,0,0
14,19,0,0,3
28,0,0,0,0
0,10,16,0,0
22,12,13,0,0
0,0,0,0,13
0,5,0,0,0
0,17,0,0,20
0,1,0,0,0
0,2,0,0,3
0,0,0,23,0
0,0,4,0,12
15,0,0,7,0
10,0,0,0,34
2,0,0,0,0
0,0,2,0,0
0,0,1,0,0
5,0,24,0,0
1,0,25,0,0
0,17,3,1,0
0,0,0,0,0
0,22,0,0,0
18,11,0,1,0
0,5,7,13,6
0,0,0,0,0
13,0,0,13,4
0,0,0,3,0
28,13,8,21,1
1,2,0,0,0
2,0,2,4,0
0,0,18,0,1
0,0,22,0,4
0,0,0,3,0
6,0,1,0,0
18,0,0,6,22
33,13,0,0,23
0,0,0,0,0
0,0,6,7,0
0,0,50,0,3
2,0,0,23,0
0,0,0,0,17
3,0,0,0,3
0,5,2,0,0
0,9,15,0,0
0,0,0,7,0
3,0,43,13,0
0,0,0,4,0
1,11,0,0,23
0,0,0,0,0
0,0,4,0,0
0,0,24,0,0
10,1,44,2,5
34,5,0,0,0
0,0,0,0,0
0,0,0,1,21
17,14,2,43,2
0,12,0,0,2
0,0,0,0,11
4,0,6,0,0
7,0,2,0,4
1,22,18,0,12
12,0,16,0,0
0,0,0,0,43
5,0,0,25,0
0,0,9,0,0
16,0,14,0,0
0,0,49,64,0
0,37,0,16,32
6,4,0,0,0
11,2,31,0,0
7,0,0,0,9
0,0,0,0,3
0,1,0,0,14
6,0,17,0,23
0,11,14,0,0
0,0,33,3,0
12,0,19,0,0
0,9,0,0,15
18,15,10,2,0
14,0,0,9,0
0,12,0,9,0
0,0,0,0,0
0,0,5,0,0
9,0,1,0,6
7,7,0,0,0
23,0,0,0,0
0,17,17,0,0
19,0,0,0,22
0,0,0,0,16
16,0,0,0,27
0,0,0,13,0
0,2,13,0,0
0,0,4,0,35
6,8,0,0,0
17,10,0,15,0
7,4,0,3,2
26,17,0,3,14
0,0,1,0,0
25,0,0,0,0
0,0,0,0,0
0,0,11,0,0
31,14,45,0,9
0,4,12,26,0
11,0,13,29,0
0,0,0,0,2
0,0,0,0,2
0,0,23,7,12
3,0,46,8,0
0,0,0,3,0
11,0,2,1,0
0,0,0,0,0
0,4,0,0,0
0,0,0,0,2
26,0,0,0,4
3,1,10,0,0
17,0,0,0,0
42,0,8,0,37
0,0,0,7,0
1,0,0,0,32
11,16,0,0,18
0,0,10,0,0
22,0,0,0,0
0,7,0,0,0
5,0,0,0,0
0,0,2,0,41
0,0,0,47,2
9,0,0,3,10
0,0,0,0,11
0,34,20,0,0
0,4,0,0,7
0,0,0,11,0
0,0,0,0,8
0,0,0,0,0
11,0,2,14,0
0,12,0,0,0
0,0,0,0,0
0,16,0,5,12
6,0,0,0,0
0,10,0,10,0
5,0,0,9,15
24,3,11,0,0
0,0,0,0,0
0,0,0,0,30
0,0,0,0,0
4,25,6,0,0
13,17,11,0,0
0,0,0,0,22
0,0,15,0,15
0,0,0,0,0
16,2,7,0,0
0,0,0,16,16
6,6,0,0,1
0,0,0,15,0
13,8,3,0,9
0,0,0,0,0
9,0,0,13,11
0,15,12,0,0
5,0,0,0,2
0,30,10,0,0
0,0,1,13,0
5,0,0,0,0
0,21,0,13,0
0,3,2,0,0
0,0,0,0,0
0,0,0,14,0
0,14,0,4,26
0,0,7,0,0
2,0,6,0,0
0,0,7,0,0
0,5,0,0,1
11,0,0,0,8
0,47,0,0,0
0,14,0,0,0
0,0,0,0,7
17,23,0,0,0
0,0,0,0,8
0,0,0,0,26
0,29,1,0,10
0,4,0,0,3
0,0,0,17,0
0,0,0,2,0
0,0,0,0,0
0,10,7,0,13
0,21,2,0,0
0,11,0,0,0
2,13,0,0,0
0,0,0,0,0
0,0,0,0,0
0,24,0,17,7
0,0,0,16,0
0,1,0,17,0
0,0,9,0,0
0,3,1,0,11
0,0,4,0,0
2,7,7,11,0
0,4,0,0,15
0,0,0,0,0
17,0,1,0,0
0,2,0,5,0
0,0,0,5,0
38,0,21,0,0
0,0,5,0,0
0,0,1,0,0
27,2,0,0,9
12,0,0,7,0
0,3,1,9,0
0,33,3,41,15
0,2,4,20,0
0,15,0,10,0
0,0,38,0,0
0,0,0,11,5
23,8,0,0,0
0,4,7,8,0
3,0,11,0,20
0,0,0,7,38
7,39,0,0,23
20,0,0,45,0
21,0,0,0,0
0,30,0,3,27
0,8,0,0,6
3,0,0,0,0
0,27,0,0,0
0,0,0,0,0
0,3,0,0,25
0,0,0,0,67
0,0,0,3,0
5,0,0,14,0
0,0,0,3,6
0,2,5,0,0
0,0,0,0,2
0,0,42,20,5
13,4,0,0,2
1,8,0,4,0
0,0,0,0,0
0,0,0,0,18
5,0,0,0,0
11,0,7,0,0
0,0,0,5,0
0,5,0,0,0
11,0,0,0,0
14,0,0,0,0
0,0,18,0,0
0,0,6,0,0
9,0,24,26,0
2,29,0,0,0
19,0,0,0,0
0,0,0,0,17
0,16,0,0,0
18,6,7,0,0
0,0,0,42,4
0,0,0,0,0
0,0,1,0,0
0,5,0,0,0
9,0,0,0,26
0,0,0,13,0
0,0,8,4,0
0,2,6,5,1
0,29,0,0,0
0,0,0,0,0
9,5,8,20,0
4,6,0,0,2
0,0,10,16,0
0,0,0,26,0
0,14,0,1,0
0,15,0,12,0
0,0,11,0,0
0,0,0,7,14
0,0,0,1,0
0,0,0,2,23
23,0,12,0,0
0,12,1,0,8
17,0,18,0,0
0,12,0,23,3
5,20,0,0,4
2,6,0,0,14
6,0,4,0,3
0,0,0,0,26
0,0,0,13,0
0,1,0,0,46
0,10,11,6,8
7,0,0,0,11
35,22,11,0,0
0,0,18,0,0
0,37,0,48,0
2,18,0,4,0
0,0,0,0,6
0,0,0,0,0
6,0,0,0,7
0,0,0,13,8
0,7,0,0,0
9,0,0,0,0
0,1,1,0,8
0,11,0,0,4
16,0,0,0,11
0,31,0,0,0
19,6,30,3,0
0,0,0,43,0
0,0,11,31,0
0,8,0,0,27
0,16,0,12,26
8,22,27,0,26
5,0,0,0,0
0,0,0,23,0
0,0,16,12,0
0,0,0,0,0
4,2,23,30,21
10,2,0,0,6
0,0,0,0,0
0,0,0,0,0
0,9,14,5,1
0,0,11,0,0
0,0,0,0,14
18,8,0,5,0
0,0,0,0,0
0,0,0,12,0
0,0,0,4,8
0,0,1,0,2
0,5,7,0,3
12,0,0,11,49
0,0,0,0,0
21,9,0,28,0
0,38,10,2,0
0,0,0,0,0
0,13,0,2,5
12,4,0,18,17
0,0,0,0,10
12,0,0,0,0
0,30,4,0,0
1,1,24,0,0
7,7,0,0,3
8,0,0,0,0
0,0,0,0,0
5,0,0,0,0
10,5,4,0,0
0,0,0,14,23
7,0,0,0,0
0,0,13,0,0
0,0,2,12,7
0,0,0,0,0
2,35,0,0,0
1,0,0,0,0
0,0,0,0,0
0,26,9,10,0
0,0,13,13,22
0,0,23,3,18
1,4,0,0,2
0,7,11,61,8
0,0,3,0,0
53,6,0,0,0
9,0,26,0,0
0,14,0,0,1
0,0,2,0,10
11,0,0,16,5
4,0,16,2,27
3,0,4,0,0
0,0,0,30,6
2,10,15,0,0
0,13,19,44,0
0,0,0,6,1
0,13,0,0,41
20,0,0,15,1
12,0,0,0,6
0,6,0,0,2
0,3,0,0,0
7,6,0,34,4
0,0,0,0,0
23,0,8,0,0
2,0,0,0,6
0,0,41,0,0
0,17,5,17,0
0,0,0,0,87
0,0,0,0,47
6,0,0,0,0
0,1,0,0,0
3,2,11,0,0
0,0,0,0,3
0,0,0,6,0
0,0,0,13,0
1,16,0,20,0
0,0,22,0,0
0,24,12,6,4
0,0,9,0,0
0,10,18,0,9
0,0,5,5,6
5,0,0,0,0
10,16,0,0,12
13,48,9,12,0
12,0,0,0,0
0,0,0,14,22
0,0,0,9,0
0,0,0,0,0
3,0,0,0,0
0,0,3,0,0
3,5,0,10,0
0,34,0,0,0
0,45,0,0,0
0,22,1,20,7
0,0,0,12,0
0,0,0,0,12
0,0,8,9,2
0,0,8,4,3
23,0,0,0,16
12,10,0,8,42
2,3,0,8,0
0,0,0,0,0
0,2,0,0,0
0,0,0,0,21
0,12,0,0,0
8,0,0,3,4
5,7,16,0,9
0,9,7,1,14
25,0,0,0,12
0,0,0,0,0
0,0,0,19,0
3,8,0,0,13
0,0,0,10,0
3,0,0,0,0
0,0,8,0,3
0,11,0,2,2
0,4,29,14,0
0,0,0,14,9
4,0,0,0,0
6,0,9,0,4
0,6,0,0,2
2,3,1,10,0
0,8,0,0,11
1,0,0,13,0
0,15,11,24,0
0,0,0,0,7
11,5,0,0,0
2,16,0,0,0
0,3,0,47,0
5,0,13,1,24
5,0,0,27,12
0,31,7,0,0
0,4,0,0,0
0,0,0,0,0
11,0,0,0,38
9,0,0,0,26
36,12,12,27,0
20,0,12,16,0
0,0,10,27,0
0,0,7,11,14
2,0,0,10,15
3,0,0,0,0
0,11,1,0,0
0,3,4,0,26
0,22,4,0,27
5,16,0,9,0
0,0,6,0,0
0,8,14,0,0
20,0,2,7,0
12,0,0,8,0
0,41,0,0,51
0,0,1,1,22
0,0,0,0,0
17,0,0,0,0
0,8,0,0,0
0,0,0,13,16
0,3,0,0,0
0,26,1,0,16
0,0,1,0,11
0,0,24,0,0
1,31,14,0,0
0,0,0,26,0
5,0,0,9,0
0,14,0,14,16
18,0,0,0,0
0,0,0,0,16
2,0,0,0,0
0,18,5,0,0
8,9,0,7,0
0,0,25,3,0
0,0,6,11,0
0,15,0,0,0
0,0,0,0,6
0,0,0,4,10
35,0,2,13,25
13,0,0,0,0
0,21,0,0,1
5,0,0,0,13
8,0,0,0,13
0,0,0,0,16
0,0,0,0,1
7,8,9,0,0
0,1,27,11,0
0,0,0,0,0
1,0,0,0,9
0,18,0,8,0
21,0,0,9,1
8,0,0,0,0
0,0,4,34,0
0,3,0,0,0
53,11,0,12,0
7,2,0,0,0
2,4,0,0,0
0,0,5,15,0
0,0,0,8,17
6,20,0,6,0
12,1,0,0,0
0,3,0,1,0
0,2,7,0,0
0,0,31,0,7
0,0,15,0,21
11,0,0,18,0
0,0,0,7,0
0,1,0,6,3
0,0,0,0,0
2,0,0,24,5
24,0,0,0,11
0,0,0,0,14
7,0,0,0,0
0,0,7,6,4
0,0,34,26,6
0,2,0,0,0
0,0,7,0,0
0,0,3,18,3
0,0,19,9,30
6,1,3,0,0
0,0,0,0,0
3,0,0,0,0
0,0,1,0,0
12,0,0,34,34
0,17,2,8,7
0,7,4,3,0
0,0,0,33,11
0,0,13,0,0
0,44,11,0,28
0,0,39,67,25
0,0,8,0,0
0,42,0,0,0
0,0,13,0,10
0,0,0,0,3
0,37,0,0,0
6,35,0,0,0
0,0,0,36,0
0,5,0,0,0
7,4,5,0,0
6,0,0,0,16
0,17,0,6,0
5,0,8,0,0
27,20,25,0,1
0,0,33,0,0
0,0,0,14,9
0,0,0,0,19
0,0,6,0,0
10,7,0,0,0
0,7,11,1,0
0,1,0,0,0
0,0,0,0,0
0,7,0,0,0
0,23,6,0,7
44,0,0,11,0
0,0,15,15,14
5,0,2,7,3
0,0,0,32,12
7,4,3,0,0
0,24,0,2,0
0,0,0,0,9
15,5,2,0,30
0,0,0,10,0
0,10,5,0,26
12,0,0,11,0
0,0,4,8,1
3,16,0,0,4
0,0,0,10,0
5,0,0,3,0
6,0,0,0,0
0,13,1,0,0
47,0,0,0,11
0,0,0,0,0
25,0,0,0,3
0,0,0,3,0
0,14,0,0,5
0,0,0,0,2
22,0,17,0,0
28,6,0,14,0
0,0,4,0,1
9,0,3,0,0
0,0,0,0,2
0,39,3,5,3
0,0,0,0,0
0,0,0,0,0
0,36,5,0,13
0,0,0,8,16
9,0,0,16,8
20,1,0,0,0
0,0,5,47,0
0,22,30,19,0
0,8,35,23,0
0,0,30,0,13
15,36,32,0,0
5,14,24,0,20
0,0,12,0,9
0,5,0,0,0
0,0,0,0,13
0,0,0,1,12
25,0,0,0,17
0,0,22,1,9
0,0,2,0,22
1,0,0,0,24
3,0,0,23,0
2,0,0,49,8
10,5,0,0,0
5,0,0,0,0
13,0,0,0,0
0,65,0,12,2
7,0,0,18,0
21,0,0,0,0
33,0,8,0,13
4,0,10,0,0
6,0,0,0,55
0,3,1,12,0
0,1,0,0,0
0,0,8,0,0
0,8,0,0,0
3,7,0,0,2
60,0,0,0,24
50,0,0,0,0
3,0,0,17,44
0,0,7,0,38
9,5,15,0,0
0,8,0,0,0
0,0,3,0,0
11,0,23,9,0
7,0,1,3,1
0,0,8,13,12
17,0,0,8,0
0,0,0,0,3
9,0,11,0,0
0,0,6,0,6
0,38,6,0,0
25,0,0,10,2
0,0,0,17,7
6,0,0,20,0
4,0,0,0,0
5,23,8,9,0
26,0,0,0,0
0,18,0,4,0
13,0,0,0,0
0,0,33,11,23
7,31,0,27,0
0,29,0,0,0
0,0,0,3,0
6,0,0,0,2
11,0,0,0,13
0,0,0,2,0
0,0,0,1,3
0,0,5,0,27
0,18,0,4,0
10,0,4,0,42
0,0,0,0,0
0,24,2,0,0
12,0,0,0,11
1,7,10,0,0
10,0,0,3,5
0,15,3,0,9
1,0,9,0,0
0,0,0,5,21
11,0,0,0,7
29,24,13,19,0
72,0,0,0,0
0,0,6,13,0
0,0,0,0,0
3,0,0,15,6
41,0,0,0,0
1,0,0,0,11
2,2,0,18,0
3,18,0,3,5
0,22,0,0,0
2,0,0,13,8
0,2,3,0,8
0,0,6,15,8
0,29,0,7,2
6,9,29,0,0
0,0,0,8,0
26,0,0,1,0
0,0,0,0,0
0,2,0,0,0
10,0,0,21,0
0,0,18,36,12
13,6,0,0,0
0,0,18,3,0
7,0,0,6,0
0,0,18,0,0
48,0,14,3,0
0,0,0,0,0
2,0,12,0,39
0,0,0,10,12
0,0,33,0,4
4,0,0,0,0
0,4,0,0,13
0,0,1,0,0
0,0,23,19,0
3,20,16,0,6
0,0,3,0,8
0,0,0,0,0
18,0,0,17,6
7,0,0,8,0
0,0,0,0,0
0,2,22,0,9
0,0,1,0,0
0,5,3,24,0
8,0,6,3,34
0,57,0,0,0
0,6,0,0,0
0,0,0,0,10
0,5,3,29,0
0,0,0,0,11
0,0,0,0,6
0,0,0,14,3
0,0,0,13,0
8,0,0,0,1
0,0,25,5,0
0,4,1,0,2
0,50,4,7,0
1,4,11,0,8
0,0,3,0,0
0,11,0,0,0
6,33,15,2,7
0,0,20,5,15
0,4,0,0,0
0,13,13,0,6
0,0,0,6,0
0,0,0,0,18
21,0,37,0,0
0,11,0,25,11
25,12,2,0,0
0,16,0,0,0
0,0,0,0,52
2,23,0,0,8
0,18,1,0,0
0,0,0,0,21
0,1,0,0,62
0,9,11,1,0
0,0,0,13,0
0,2,0,0,12
15,0,0,0,26
0,1,14,0,20
34,0,2,21,0
8,0,16,0,0
18,0,33,24,0
0,18,0,0,0
0,0,20,0,0
0,0,0,17,0
0,28,0,0,0
0,0,0,18,7
0,4,21,0,0
18,21,0,0,23
0,23,0,0,0
0,0,1,31,0
0,0,0,0,0
0,28,0,0,11
5,51,0,14,0
0,0,0,52,1
0,0,0,34,0
14,22,9,0,28
0,0,0,7,17
4,3,0,0,15
0,13,0,8,3
10,5,0,0,9
0,0,0,31,3
0,9,31,0,24
0,0,0,1,0
1,0,12,43,4
15,0,0,8,0
0,0,29,0,10
18,5,3,0,14
0,4,0,0,0
0,45,0,2,0
0,0,0,0,0
0,4,0,3,0
12,0,0,0,0
0,0,0,34,2
48,0,0,0,20
0,0,0,0,0
0,0,0,0,0
1,0,38,0,0
0,0,1,32,0
20,6,0,0,0
0,41,1,0,9
0,0,0,0,0
9,26,55,49,0
0,4,1,1,12
0,2,0,0,30
0,0,0,0,7
13,0,0,0,27
0,0,0,0,0
0,11,0,24,0
0,5,3,0,0
39,5,16,0,0
0,0,30,36,0
1,0,3,17,0
2,10,5,0,4
0,19,0,76,0
0,6,0,0,33
0,22,19,10,0
0,0,0,1,0
1,0,0,6,0
3,10,0,0,3
22,0,0,23,0
0,9,0,27,0
22,0,22,0,0
0,0,0,49,0
0,3,0,0,0
0,35,0,16,0
27,0,0,0,0
0,0,0,0,4
3,0,0,18,0
0,8,0,0,19
0,0,0,0,27
0,17,0,0,24
0,9,0,0,0
16,3,13,21,0
8,5,13,19,0
0,24,6,0,0
0,0,0,0,0
0,0,0,0,7
1,0,0,0,0
0,4,0,3,0
8,2,0,16,0
4,0,0,0,0
0,0,0,0,0
0,0,3,16,8
0,0,0,0,6
4,0,20,0,10
0,0,0,0,0
0,0,0,0,0
0,9,0,0,0
0,0,0,25,0
0,0,0,1,30
0,0,0,0,0
5,0,1,34,0
0,0,28,0,0
0,0,0,0,0
4,0,9,1,1
0,2,0,0,0
0,0,0,4,17
0,0,12,0,13
5,0,0,0,0
3,0,0,0,0
0,15,0,6,0
51,43,9,0,0
0,1,2,7,20
0,0,0,0,0
0,0,3,0,1
1,0,11,0,0
1,0,0,12,0
11,0,7,17,35
1,25,6,0,13
17,0,9,8,0
0,0,0,0,0
0,0,15,0,12
0,2,0,0,2
19,29,0,4,0
13,10,0,12,0
0,0,31,0,7
0,0,0,4,0
0,8,0,0,5
0,0,2,0,23
17,0,2,0,12
0,20,8,15,0
0,1,0,28,0
0,7,0,0,0
1,0,0,1,0
19,0,0,0,2
1,0,0,0,0
7,0,0,18,0
0,3,0,0,30
6,0,30,3,0
0,0,12,19,0
0,0,0,0,7
0,0,0,0,3
5,10,13,0,0
0,0,4,14,0
7,0,0,14,0
17,14,0,0,31
1,5,26,0,13
0,18,0,0,0
25,0,26,0,0
20,0,0,0,23
0,3,9,0,41
0,0,1,2,27
0,0,0,0,0
0,0,0,0,12
18,0,2,0,0
0,0,0,8,0
7,11,13,0,8
0,5,5,11,13
0,0,0,13,0
12,2,0,4,0
0,8,1,4,4
0,12,10,0,13
0,37,2,0,21
0,0,0,0,0
0,11,0,0,4
0,0,0,28,0
0,0,0,1,0
3,0,0,17,0
4,0,0,0,0
0,4,17,0,0
0,0,4,0,0
0,0,0,0,45
13,0,24,5,3
0,9,1,5,0
0,0,4,11,0
0,0,0,0,0
0,2,0,14,12
32,15,9,0,12
0,0,0,0,0
14,12,0,0,1
0,0,0,36,13
12,15,0,0,0
44,0,0,0,0
17,0,5,5,0
0,0,0,0,2
0,9,0,17,0
0,0,0,8,0
1,0,0,0,0
0,0,0,0,5
10,0,16,0,0
0,10,0,9,0
5,0,0,18,0
0,0,0,0,0
30,0,53,0,27
0,5,28,0,0
14,0,0,0,6
0,0,10,0,23
0,4,0,9,7
0,0,9,0,9
0,0,0,0,8
0,43,0,0,0
0,0,0,0,7
0,0,0,3,0
0,0,11,0,6
0,0,0,16,21
0,0,0,4,9
1,0,0,13,0
20,7,8,0,0
7,4,16,0,0
0,15,0,25,19
8,0,0,10,0
0,0,0,0,0
16,2,0,0,0
5,60,14,17,2
0,2,0,0,0
0,3,0,0,5
0,0,0,11,35
3,0,0,10,0
0,7,2,0,17
0,0,0,0,0
0,0,0,10,0
10,48,0,20,30
0,0,0,1,0
0,0,0,0,0
7,2,21,0,0
0,0,0,0,5
90,0,0,0,0
0,4,15,15,16
3,1,0,9,0
18,45,8,0,0
0,0,14,0,8
0,0,0,0,0
0,5,0,16,4
0,0,0,15,8
0,0,0,1,0
15,0,39,0,0
3,2,1,5,0
3,0,0,0,0
7,3,0,2,9
1,0,11,0,10
0,8,0,0,0
0,0,0,0,0
2,0,0,0,0
13,0,3,12,22
0,2,4,25,29
0,0,5,0,0
0,4,0,1,5
0,0,1,0,0
34,0,38,8,13
0,0,0,0,0
26,4,0,0,0
0,0,8,0,0
0,4,0,0,0
7,0,0,0,0
17,0,20,5,0
0,20,0,0,13
4,0,10,72,0
29,8,0,0,0
0,3,0,0,0
3,0,7,0,0
0,12,0,51,38
1,0,5,0,0
0,0,0,0,7
7,0,0,0,9
17,0,0,0,0
0,19,0,20,0
0,0,0,0,0
4,0,0,5,27
0,0,0,0,0
0,25,7,0,0
0,22,0,0,0
0,12,0,0,3
16,0,0,0,0
1,0,0,15,2
0,0,0,0,0
16,0,0,0,2
26,10,0,21,0
7,0,7,0,4
0,54,0,9,3
0,6,3,17,0
11,19,0,0,14
0,0,3,0,6
10,2,32,19,0
0,0,0,4,21
7,64,11,26,22
44,0,0,30,10
0,0,0,4,4
0,0,30,0,8
0,3,27,7,0
2,0,0,22,0
0,2,9,0,0
0,7,0,0,0
2,0,0,4,0
2,0,0,0,0
1,24,19,0,3
5,0,2,12,18
0,12,0,2,0
5,13,1,9,0
39,15,9,13,6
0,0,22,0,0
15,0,21,0,0
0,22,0,23,0
0,23,0,14,0
0,0,0,0,17
0,8,0,0,0
5,0,1,0,0
0,7,0,21,1
8,0,8,2,0
37,0,0,26,0
12,0,15,0,0
0,0,0,0,21
19,1,9,0,16
0,0,7,8,0
0,4,6,40,0
0,2,18,0,0
6,0,0,1,0
16,9,0,25,0
0,9,25,0,0
0,0,24,22,0
1,0,0,0,0
0,0,2,1,0
0,6,0,18,10
0,5,1,0,0
1,0,23,0,6
0,0,0,0,0
16,0,3,0,0
0,42,0,0,0
0,0,2,0,0
2,0,0,0,0
0,0,0,1,0
17,2,0,0,5
0,5,0,9,0
0,0,3,0,0
3,0,5,13,10
0,13,0,0,6
0,0,11,31,0
14,0,17,31,0
0,0,0,0,0
5,5,0,18,3
22,0,0,3,13
0,0,8,7,0
19,8,18,0,0
8,0,0,0,10
14,18,37,23,0
0,0,0,0,1
0,14,6,0,0
51,0,0,0,17
0,32,0,13,0
0,0,0,0,8
70,0,0,3,0
0,5,0,17,12
0,0,17,21,0
1,0,0,18,16
3,0,0,0,0
1,0,14,0,38
0,0,0,0,1
22,16,0,9,0
0,0,8,6,17
13,15,0,0,0
0,0,0,0,0
16,2,10,0,0
0,3,0,0,19
0,13,0,0,0
26,0,0,0,8
0,6,1,0,41
1,3,39,0,6
0,0,0,0,0
10,18,5,0,6
3,0,0,0,52
0,0,2,0,0
3,0,18,12,0
0,4,3,9,0
0,0,23,0,0
0,2,22,36,0
13,0,0,29,24
31,23,10,40,0
0,28,0,0,0
0,0,16,0,3
9,6,0,0,31
0,0,0,2,0
0,0,0,3,0
0,0,0,8,0
0,0,0,0,8
0,14,0,0,19
0,22,3,16,2
0,0,0,0,0
14,0,23,10,8
0,0,0,0,0
0,14,0,0,9
6,11,0,0,0
7,0,24,0,0
11,10,0,11,0
0,0,13,0,10
15,0,85,7,0
0,0,7,0,4
46,13,0,34,0
1,0,4,0,0
0,0,8,30,1
0,0,0,0,0
4,7,0,3,0
0,0,0,43,2
0,10,12,22,20
0,30,1,5,0
18,0,0,0,19
0,2,0,0,0
0,0,0,0,0
0,0,0,17,0
0,0,7,7,23
13,0,0,0,0
1,0,0,0,0
14,0,16,23,2
0,0,0,27,0
0,10,0,2,0
4,0,14,0,1
0,6,8,2,0
7,8,0,0,0
0,0,17,0,0
0,0,0,0,0
0,6,0,0,1
8,0,11,0,0
0,0,0,18,0
0,0,4,0,0
0,4,19,2,17
8,8,0,0,0
0,9,0,0,4
0,0,0,0,0
5,0,0,4,0
17,0,10,0,12
6,0,0,0,0
10,0,0,0,0
0,21,0,20,26
1,3,0,14,0
0,6,0,0,6
3,35,0,0,0
0,0,4,0,3
1,0,45,14,2
0,0,0,7,0
13,0,0,37,0
0,0,0,46,18
1,9,4,0,25
0,0,0,0,25
17,13,0,17,0
0,0,0,0,17
17,0,0,8,0
0,3,0,1,0
0,24,28,0,0
0,4,12,0,0
0,0,0,5,0
0,2,0,0,0
0,0,23,0,9
21,41,0,21,0
15,21,11,0,0
0,0,0,0,11
18,0,0,0,18
0,0,36,0,11
0,0,0,5,0
5,0,18,11,0
57,0,2,0,0
0,0,3,0,0
0,6,6,0,0
0,0,0,0,0
11,27,0,0,0
6,0,0,0,8
0,0,62,0,47
0,0,0,10,4
0,0,0,7,2
0,0,0,0,0
0,8,20,0,27
0,0,34,0,0
0,0,0,0,0
4,0,0,0,0
0,0,0,2,0
20,3,0,0,0
0,37,0,1,0
0,3,0,0,5
11,0,0,4,0
0,7,0,0,0
0,3,27,0,6
3,10,10,9,1
0,0,0,0,0
0,0,58,2,0
0,25,0,0,7
0,0,0,20,0
0,0,0,0,0
3,0,0,0,0
0,0,0,0,0
51,0,0,0,0
0,0,0,0,1
0,0,26,0,0
5,9,0,0,0
0,0,0,8,27
42,0,0,6,6
0,0,0,0,0
0,0,21,15,0
23,16,1,0,0
0,15,2,0,3
0,0,0,0,1
0,6,0,12,0
19,0,1,0,0
0,0,0,0,9
0,0,0,5,0
8,33,0,0,3
7,0,29,14,0
0,0,22,0,8
0,0,0,0,0
0,0,0,15,0
0,0,0,0,0
23,0,9,0,0
6,27,0,0,0
0,13,0,0,0
0,2,12,0,0
0,0,11,16,0
0,3,0,0,36
0,44,0,7,12
3,0,0,0,0
0,0,3,35,0
0,0,12,0,9
0,22,0,0,0
7,0,0,9,0
6,0,28,0,1
0,0,5,22,3
0,22,0,18,0
13,1,17,0,0
0,0,0,4,48
14,0,0,54,17
23,0,7,0,8
0,0,0,2,0
0,6,0,14,0
0,11,0,0,0
10,0,46,0,3
0,0,0,6,0
0,4,1,8,22
8,13,0,0,0
0,12,0,6,0
19,0,31,6,0
17,0,0,0,0
37,0,37,44,0
0,0,0,0,8
10,0,0,14,0
17,0,5,0,0
0,0,7,0,0
3,3,0,0,2
0,0,14,0,0
1,0,0,0,0
5,0,6,0,13
2,0,7,0,29
13,0,0,6,0
8,0,0,0,0
6,0,0,10,0
0,7,1,0,0
0,0,10,0,0
0,0,4,8,9
0,0,3,0,0
2,0,52,8,9
0,7,0,0,0
0,10,28,0,0
0,0,0,0,0
0,31,0,0,0
0,0,52,0,13
0,0,9,7,0
5,0,0,8,21
15,42,0,1,3
14,0,3,4,0
4,0,1,1,2
3,0,17,0,9
0,7,0,0,3
4,12,0,4,0
10,0,0,0,0
0,0,0,0,0
0,5,0,0,0
41,2,7,0,22
1,0,0,0,7
4,0,0,0,26
0,0,0,0,0
14,41,0,0,15
0,19,0,18,0
1,3,13,0,0
0,17,3,0,17
8,0,0,0,27
0,7,0,0,0
0,0,0,0,14
0,0,0,0,0
17,7,0,0,0
19,0,3,0,3
0,0,0,2,3
0,22,15,0,0
0,26,0,14,2
0,44,4,24,14
22,17,0,0,0
0,16,0,22,0
5,0,11,0,9
37,28,23,0,0
6,0,0,5,33
20,3,0,9,5
0,7,9,0,47
0,0,0,0,1
0,11,0,7,18
16,0,0,14,0
0,0,8,14,0
3,9,0,0,2
0,0,0,5,16
13,0,5,9,0
9,0,0,0,0
0,40,0,13,0
0,13,8,0,15
0,1,0,0,0
0,14,7,0,0
0,0,0,0,0
39,0,18,5,0
3,17,10,0,0
0,0,0,16,0
0,0,0,0,0
50,9,0,18,0
6,0,10,0,0
17,25,0,11,0
0,0,1,0,0
0,0,0,0,0
26,0,0,0,0
3,0,0,1,0
0,3,43,0,0
0,9,0,0,0
2,18,0,6,27
14,32,3,0,10
7,0,21,0,0
1,12,2,0,0
0,0,0,0,0
16,5,0,7,0
2,0,15,24,5
0,0,4,14,9
9,0,0,9,0
0,0,0,0,0
0,0,0,7,3
0,5,0,0,13
4,0,2,0,7
5,0,0,0,0
7,0,0,0,6
13,0,23,0,0
0,11,0,1,0
28,34,0,2,8
2,0,0,0,0
5,16,1,0,2
0,1,0,0,6
2,0,0,55,0
0,0,0,0,3
0,0,17,0,14
0,10,4,0,0
0,0,0,0,0
0,0,0,0,0
0,4,0,17,0
7,0,5,0,29
5,0,7,0,0
5,0,11,0,18
5,15,0,0,0
1,11,8,0,5
0,2,0,0,0
0,0,10,6,1
33,0,0,25,0
0,6,3,0,0
0,29,8,0,7
0,0,5,18,0
0,12,0,0,0
0,0,0,27,0
11,27,0,27,0
0,0,0,0,0
24,13,3,0,0
0,1,0,2,0
0,0,0,0,0
0,0,42,0,0
0,0,0,0,0
0,18,4,58,0
0,24,0,35,0
0,0,6,16,0
0,0,0,0,0
0,0,11,0,13
1,0,2,18,0
6,4,0,8,0
0,0,0,16,2
7,0,0,0,0
0,0,13,25,15
0,0,0,10,0
20,0,0,1,0
3,0,15,30,0
0,15,0,0,0
0,0,0,0,2
7,0,27,1,0
0,0,0,0,6
0,6,20,0,0
33,0,21,0,2
0,0,12,5,0
0,11,6,19,2
3,0,6,0,0
0,0,16,0,12
11,15,27,0,0
5,0,3,3,0
0,0,0,22,0
0,0,18,0,0
0,18,14,0,7
13,17,7,0,5
18,11,0,0,1
5,0,0,25,0
0,3,0,15,6
9,0,9,0,1
0,0,0,0,0
0,4,0,0,0
0,0,0,0,0
9,0,37,4,0
28,1,0,0,11
5,0,0,0,0
0,20,0,0,0
10,0,0,10,6
0,0,7,1,0
0,0,3,18,10
4,0,0,0,0
21,2,23,15,0
0,1,13,26,1
0,0,0,20,24
0,11,0,0,1
2,0,0,4,29
38,14,0,0,0
12,6,0,0,0
55,0,0,0,0
0,0,10,0,0
0,5,0,11,0
0,29,0,0,0
0,12,0,22,0
2,0,11,0,37
0,0,10,0,0
0,0,8,0,18
0,0,0,54,21
5,0,0,0,10
1,8,0,0,0
0,10,0,8,0
36,0,38,10,0
0,4,14,0,0
0,12,17,0,0
0,0,0,18,0
37,0,2,0,0
9,6,7,15,0
0,3,20,0,0
8,0,2,0,6
0,0,0,9,0
17,0,0,9,3
3,19,0,11,7
0,0,21,16,17
9,0,0,0,0
0,0,0,9,0
0,47,3,0,18
7,29,1,0,34
0,0,0,5,0
0,3,22,0,0
24,42,0,5,0
0,0,0,8,0
8,0,2,0,0
6,0,0,22,21
13,6,0,0,3
9,17,0,0,0
8,3,10,18,0
11,0,12,16,0
31,4,20,0,0
6,0,4,0,0
0,0,0,3,2
0,0,0,0,0
0,1,0,18,0
10,0,30,33,0
13,18,3,21,0
0,0,0,0,1
0,0,0,0,1
0,15,0,24,11
0,28,0,0,0
0,7,0,4,0
6,0,0,0,0
0,21,0,20,0
0,0,0,0,0
0,0,5,0,9
0,0,2,0,0
0,11,13,24,0
0,9,0,0,13
3,0,0,0,6
25,0,0,12,0
43,10,0,18,0
0,0,0,0,0
0,0,0,1,0
0,10,9,14,23
54,0,0,0,0
0,24,10,11,33
0,0,1,0,20
12,0,0,16,7
0,0,0,0,0
0,0,0,2,0
0,0,0,4,21
0,18,32,0,0
0,0,6,0,32
13,19,26,23,0
3,21,0,15,3
0,0,33,5,1
0,17,4,0,0
0,0,0,1,0
23,0,8,3,0
21,7,0,1,2
0,1,0,0,36
0,0,64,5,1
1,2,0,23,0
28,13,0,3,4
15,0,7,5,7
0,0,15,0,0
23,0,14,5,0
1,0,0,2,2
0,5,0,0,0
7,0,0,0,26
0,0,0,0,4
0,0,0,0,0
0,0,0,0,0
0,0,0,0,0
9,0,0,0,0
4,21,7,0,0
0,0,0,0,0
0,0,14,0,0
5,0,0,0,6
0,0,22,0,0
0,0,0,56,2
0,0,21,0,0
0,0,0,0,33
0,0,4,0,0
0,6,6,30,4
0,2,0,0,20
13,0,0,30,0
6,5,1,23,0
0,0,19,10,0
4,0,7,0,0
0,15,0,0,0
0,26,0,0,7
1,13,0,17,15
0,7,0,0,27
0,0,0,0,0
0,0,0,0,0
0,0,37,0,0
0,17,20,0,0
0,2,6,0,0
8,0,0,1,1
0,0,0,0,0
0,0,23,2,0
0,0,0,15,0
7,0,29,0,4
3,0,5,0,0
0,0,46,0,0
13,0,1,14,0
10,0,0,5,5
8,29,0,1,7
15,0,4,1,0
2,0,0,2,0
0,0,0,0,0
0,4,10,2,10
26,0,6,28,0
0,0,19,0,9
0,0,0,0,6
0,0,4,2,0
13,2,0,0,0
17,0,14,12,0
0,0,27,0,0
0,32,0,0,0
18,0,0,0,1
7,1,2,0,0
0,2,20,38,0
0,0,3,4,0
0,15,0,0,1
17,0,14,4,0
7,0,0,0,18
8,0,0,0,0
0,11,0,4,0
21,0,1,0,3
0,0,0,0,5
33,0,0,0,10
2,9,10,69,0
0,0,34,0,15
0,22,19,6,0
7,0,0,15,0
0,0,8,0,6
28,6,32,3,0
16,0,2,1,0
7,0,0,0,0
0,8,0,16,0
0,0,0,0,5
0,33,0,6,6
3,11,0,0,0
24,0,20,5,0
1,11,0,4,0
28,0,35,0,10
7,0,0,0,11
4,14,0,7,16
0,0,2,0,0
0,0,0,0,34
2,3,17,7,0
0,0,7,3,2
0,0,1,1,4
0,0,0,2,19
2,0,21,0,15
0,4,7,0,0
0,0,19,0,0
0,0,0,9,0
1,0,0,44,0
0,0,15,0,0
0,0,0,7,0
8,0,0,24,24
0,0,0,0,15
0,0,0,20,6
42,0,0,0,3
0,0,0,0,0
42,2,8,0,0
0,8,2,0,0
0,5,0,1,0
5,0,0,15,41
11,5,0,7,15
0,0,0,0,0
0,8,0,0,0
0,30,0,0,17
12,0,0,0,0
0,0,0,0,0
0,5,22,0,4
0,0,0,0,0
42,15,27,38,0
0,0,0,0,0
17,1,0,0,0
6,0,0,0,25
22,23,4,0,0
0,0,0,0,11
0,0,12,6,0
0,0,0,0,22
0,6,0,0,0
0,13,0,9,0
0,0,0,0,0
0,10,16,0,0
0,0,18,5,0
0,1,8,0,10
0,11,0,0,0
3,0,0,14,6
0,0,0,0,5
0,1,8,0,0
0,0,1,52,0
29,0,0,0,0
0,11,28,10,0
39,0,4,0,36
13,0,0,0,13
5,0,6,13,0
0,0,0,12,16
28,17,20,0,2
0,0,0,12,21
0,2,0,0,2
6,1,0,7,0
48,11,0,2,0
16,12,0,2,9
29,12,1,0,0
9,0,0,3,0
15,0,12,15,0
30,0,0,0,3
7,0,0,1,0
0,0,3,0,34
0,0,23,6,0
0,0,0,0,0
17,0,6,0,15
58,25,4,21,4
0,0,0,33,0
0,0,22,0,0
15,0,0,0,0
19,0,15,0,0
0,0,16,10,14
0,21,0,0,0
4,0,18,2,0
10,0,11,13,13
7,9,0,0,29
3,0,45,17,0
0,0,0,0,1
0,0,0,0,2
0,7,0,0,0
0,4,13,17,16
19,0,20,0,2
13,0,0,5,0
0,0,0,1,0
6,18,0,8,0
16,0,0,0,0
8,4,0,41,0
0,0,0,0,0
6,19,48,0,13
0,0,1,0,0
0,2,0,2,6
6,0,0,15,0
0,0,0,0,10
0,14,5,0,0
0,14,0,0,0
0,0,0,0,0
22,0,9,0,0
0,0,0,0,0
0,0,0,0,0
32,6,0,0,0
12,0,0,0,0
0,6,2,29,0
0,9,0,0,20
0,8,0,25,0
0,0,0,35,0
0,0,0,0,0
6,6,0,0,0
5,6,0,1,0
3,4,0,13,0
7,0,0,0,0
14,23,0,0,0
0,0,0,0,5
0,0,0,42,22
0,0,0,0,12
29,58,0,1,1
0,10,9,8,5
0,6,8,0,21
0,0,0,12,0
0,0,0,0,0
33,12,0,0,0
0,0,3,2,0
0,1,0,0,9
25,10,0,5,0
0,0,0,0,0
1,0,14,0,1
0,0,10,0,0
0,0,19,14,0
29,0,0,0,0
0,0,0,0,32
5,0,9,0,0
0,18,0,0,0
0,0,10,0,0
0,0,1,12,6
0,0,0,0,4
0,0,0,55,15
0,18,0,0,0
14,0,0,16,29
0,1,0,0,0
0,25,5,16,0
2,6,0,5,10
0,19,0,0,0
32,0,0,14,0
0,0,9,0,0
0,32,0,13,0
0,0,0,0,5
8,0,0,1,6
0,27,0,0,0
8,0,0,6,8
0,0,14,0,0
8,0,0,7,0
11,0,0,2,0
6,38,1,2,0
0,0,13,0,2
19,0,5,53,1
14,0,0,1,0
0,0,0,0,8
0,0,10,10,0
7,0,5,2,13
0,0,29,0,7
3,0,0,0,5
0,0,0,0,0
0,0,0,6,3
0,22,0,0,22
0,0,15,1,0
15,1,0,0,0
0,3,4,13,0
0,5,0,26,2
0,0,0,0,0
16,3,0,0,0
0,0,0,0,9
9,26,0,0,0
13,0,11,0,21
1,0,16,0,10
6,0,0,0,0
7,0,0,1,0
0,0,0,7,0
31,0,3,3,0
0,0,0,0,0
0,11,9,0,0
0,0,1,0,0
0,0,0,0,2
0,0,0,0,0
2,0,0,6,2
0,0,5,0,0
7,0,0,5,0
7,29,1,13,0
14,0,30,29,4
0,14,9,12,0
0,0,4,0,18
0,0,0,0,27
0,0,168,0,0
0,0,0,5,29
12,0,0,0,0
2,0,4,0,0
0,0,0,0,10
14,0,0,22,0
8,0,0,9,4
24,0,0,0,0
0,0,0,17,7
2,0,0,21,3
0,0,20,0,0
0,10,5,0,0
0,0,0,0,2
41,0,0,6,0
7,2,0,0,39
0,5,0,3,4
0,6,1,0,0
0,0,0,0,38
17,5,0,0,0
10,27,5,12,0
0,0,0,12,25
12,7,0,0,23
0,0,4,9,0
5,0,0,0,0
0,7,0,0,0
0,0,0,0,0
0,0,15,0,1
0,12,17,0,10
0,8,0,0,0
0,16,22,0,10
0,1,49,17,34
2,14,0,0,0
7,6,5,28,20
0,0,0,0,0
0,0,0,0,0
0,0,0,22,11
6,18,0,16,0
0,1,3,16,10
0,0,0,0,8
22,0,0,0,0
0,6,16,8,0
7,16,0,0,15
3,0,0,16,42
0,0,0,0,9
0,0,0,7,0
0,0,0,0,2
6,35,14,0,2
11,0,5,0,0
0,0,0,0,0
0,10,7,0,0
0,0,0,17,0
5,0,0,0,2
19,0,23,31,32
0,8,0,0,0
0,0,0,9,0
15,0,0,0,27
0,0,1,6,10
0,0,1,1,0
28,0,0,0,0
0,0,12,0,11
0,20,0,0,0
0,0,0,0,0
16,0,4,7,8
0,2,0,0,0
5,0,149,0,9
0,0,0,4,0
23,0,21,1,2
30,0,1,0,4
0,0,7,0,0
7,59,17,8,0
4,0,0,3,0
0,11,0,0,12
25,16,0,38,14
0,17,0,0,3
0,5,0,0,14
0,2,0,12,24
0,8,13,0,0
0,0,3,3,6
0,0,0,0,0
0,0,0,0,26
14,0,7,0,0
0,0,19,3,4
0,0,0,11,8
26,8,0,2,0
0,0,0,4,31
0,0,30,15,25
2,2,0,0,5
14,0,101,0,0
0,52,7,0,0
33,2,0,0,0
0,3,0,0,0
20,0,5,11,12
0,0,0,0,0
0,0,11,0,0
29,0,0,0,0
0,0,0,0,11
47,4,0,19,11
0,0,0,0,0
0,0,58,2,0
10,10,0,10,2
0,0,0,0,0
0,0,0,0,0
2,0,0,0,0
0,0,0,20,3
0,0,38,2,10
15,9,10,6,6
4,11,1,0,0
4,0,30,32,0
5,1,0,1,0
0,0,0,33,0
0,0,22,46,0
0,0,0,0,0
0,0,0,0,0
7,0,1,2,3
0,0,6,40,0
0,0,0,0,25
0,0,8,0,0
0,12,4,0,0
18,28,0,0,0
0,0,22,26,0
0,1,6,33,17
0,37,1,2,5
0,16,15,0,0
0,0,0,0,0
0,53,0,0,6
0,5,13,0,0
0,36,0,0,7
0,0,6,6,0
0,0,7,10,24
43,9,0,7,0
6,0,0,9,0
0,3,0,0,0
0,36,4,13,13
0,7,22,0,8
13,0,0,0,0
7,0,0,5,0
0,0,7,0,0
9,0,0,2,33
3,0,0,8,0
0,0,17,2,7
5,0,15,10,21
0,0,9,13,0
10,0,22,0,6
0,1,0,2,0
0,0,0,0,0
37,16,3,0,0
6,5,0,0,0
10,12,17,2,0
0,0,6,3,0
0,6,0,0,0
0,0,0,10,46
0,4,9,0,0
18,14,6,0,0
0,0,0,10,0
0,0,0,14,0
2,0,4,0,0
0,0,0,25,0
28,0,0,4,0
0,0,0,0,5
0,0,1,0,0
2,0,0,10,0
7,28,0,0,19
0,0,0,0,0
6,0,0,0,0
0,1,0,0,0
0,10,16,0,0
6,3,0,0,5
0,3,0,39,0
0,0,2,0,0
0,31,6,0,0
0,0,4,9,0
13,0,0,10,13
0,0,3,0,0
0,0,10,0,0
2,0,0,19,0
1,3,0,7,0
5,0,0,18,0
0,36,0,0,0
0,41,0,0,0
0,16,0,0,0
0,0,10,6,32
0,0,0,3,9
6,0,0,0,3
0,0,0,0,0
23,0,0,0,0
0,0,20,0,0
0,0,36,1,21
0,0,0,3,0
0,4,0,0,5
4,21,4,38,0
12,0,0,37,0
16,8,1,0,7
0,0,14,0,1
19,0,0,33,0
0,10,7,10,4
0,2,0,0,0
0,10,0,15,1
0,0,18,0,7
0,0,0,2,0
9,0,0,0,0
0,0,5,0,0
0,1,29,0,0
0,13,1,0,2
11,0,0,0,0
0,0,11,0,0
2,0,0,0,9
0,0,3,8,16
31,4,0,0,1
0,5,15,0,0
13,0,6,9,12
0,0,5,0,0
0,0,0,0,0
0,0,0,0,20
0,0,0,3,21
0,0,0,0,0
0,0,10,11,0
0,13,0,0,0
0,0,0,0,0
22,0,0,0,0
0,0,14,11,0
0,12,20,1,39
0,0,0,5,0
0,0,0,0,20
0,67,11,7,0
0,0,0,6,0
0,16,3,0,0
7,65,0,0,22
14,9,17,0,0
11,0,0,26,0
4,2,1,0,0
9,38,10,0,0
14,69,0,0,0
0,0,0,26,3
0,0,8,14,18
0,4,0,0,15
12,0,0,0,3
6,64,1,2,7
0,0,0,0,0
3,0,4,0,0
67,0,16,5,0
10,0,0,9,1
9,26,0,0,0
0,2,20,0,0
35,2,1,0,0
8,27,0,0,0
0,36,0,0,0
3,0,0,9,0
0,0,0,0,0
0,10,0,7,43
0,0,7,9,3
0,0,0,0,0
7,0,4,13,5
2,0,0,0,0
0,11,17,0,11
1,0,0,0,0
0,13,0,0,0
0,40,0,1,0
5,21,0,28,13
0,0,0,7,8
0,0,0,0,0
0,0,0,0,20
0,0,0,3,19
25,12,19,10,0
0,0,0,9,0
0,3,0,0,18
0,0,14,0,22
0,0,0,0,20
4,5,0,0,6
0,0,1,0,0
0,14,0,0,48
7,0,0,10,0
0,0,20,7,0
10,13,0,14,0
0,0,0,10,0
0,8,0,0,0
0,0,0,6,0
4,0,0,0,9
0,14,2,0,0
5,0,0,0,0
0,0,0,0,0
15,0,14,0,0
0,0,8,0,0
0,0,0,8,0
0,6,28,0,5
0,0,0,0,15
8,0,0,0,0
0,11,14,8,0
17,0,0,0,0
3,12,0,0,0
0,0,0,0,0
0,7,0,0,0
0,0,8,6,9
2,0,0,15,0
0,0,2,22,0
0,1,0,5,24
8,0,22,30,0
6,0,0,19,3
0,0,5,0,0
0,0,15,0,0
0,32,0,7,31
6,2,0,6,22
2,0,6,0,7
5,0,0,0,47
14,0,0,5,8
2,0,0,13,0
0,25,0,0,18
0,0,0,0,20
16,5,56,0,0
0,0,0,0,0
0,0,27,31,0
0,6,0,3,9
14,0,0,0,34
0,0,20,3,0
0,0,0,0,0
0,3,5,0,0
0,0,9,12,0
0,0,0,26,0
0,4,0,0,3
8,0,0,0,0
10,0,9,0,0
8,0,0,3,0
0,19,0,0,0
19,29,0,0,4
0,0,0,0,0
6,13,1,4,0
25,29,4,0,18
14,0,9,0,1
0,0,0,0,0
0,5,0,14,24
0,0,1,4,0
0,0,14,0,0
0,0,0,0,1
0,0,0,1,0
0,0,0,0,10
4,0,8,0,0
6,14,0,0,0
3,0,5,10,0
0,0,2,12,22
0,5,1,6,0
16,0,0,0,0
0,8,0,0,0
20,6,9,0,5
12,0,0,0,0
0,11,0,0,29
0,0,0,3,1
0,19,26,0,0
0,0,2,0,0
0,0,11,4,1
0,3,0,0,2
3,0,21,14,0
10,0,0,30,0
0,5,0,17,0
0,0,0,0,0
0,15,11,10,0
3,32,12,0,8
17,0,0,10,0
0,3,0,0,16
4,9,0,0,0
8,7,0,2,4
0,0,0,0,0
0,11,0,5,1
3,0,0,0,0
0,0,0,0,23
0,0,0,0,11
15,0,0,16,0
0,13,0,0,3
0,0,6,0,75
9,9,11,8,4
6,0,1,0,43
0,0,3,11,4
13,0,3,33,0
14,0,13,0,0
0,0,27,0,12
0,0,5,0,0
0,13,0,0,0
6,5,0,4,0
2,0,0,5,0
0,2,0,0,0
0,0,0,0,0
5,3,0,0,4
0,0,9,0,2
0,0,0,0,17
0,8,0,0,0
20,0,0,0,5
0,5,13,0,0
17,10,10,0,0
0,2,0,0,0
27,0,0,31,0
0,0,0,30,31
4,0,0,0,0
5,0,0,0,0
0,0,0,0,0
14,0,8,0,0
0,0,0,0,0
27,0,17,4,0
0,0,0,2,0
0,8,20,9,0
5,0,0,0,0
0,0,0,24,0
13,0,26,4,13
1,0,0,0,5
16,5,8,0,8
5,3,0,6,0
0,14,0,0,0
0,0,11,17,0
11,0,0,19,1
4,0,0,4,0
0,0,0,0,2
9,0,0,0,10
0,0,0,13,6
0,9,0,0,0
0,4,0,16,39
0,5,7,2,6
0,0,0,22,0
0,0,22,0,0
5,3,0,0,11
0,0,0,0,27
10,0,30,3,3
0,0,0,19,7
11,14,14,0,21
0,0,9,5,7
0,13,23,0,22
0,11,0,2,6
8,0,0,0,1
0,0,8,0,0
0,0,23,0,34
0,0,0,0,0
0,0,0,0,2
0,14,10,0,1
0,0,0,31,0
0,18,0,4,0
0,10,0,0,13
33,6,1,0,0
0,0,0,0,0
4,11,1,0,0
0,1,8,0,1
2,0,0,0,0
0,0,6,0,0
0,0,0,0,0
0,0,25,0,0
3,10,0,17,0
3,0,6,0,0
0,5,0,0,31
0,24,8,0,14
0,1,0,0,0
0,0,35,18,0
0,38,0,0,0
16,0,0,0,0
0,0,14,6,25
12,6,0,26,0
0,0,0,0,0
0,0,17,0,0
0,0,0,21,0
0,2,19,0,0
0,0,6,38,0
0,4,0,0,5
0,5,2,0,0
0,22,9,8,15
68,0,24,0,5
0,2,8,6,0
2,0,0,0,0
0,0,0,0,0
12,12,0,0,0
0,12,0,0,0
0,1,0,0,37
0,0,19,23,0
9,12,0,0,28
0,3,3,0,1
0,0,1,21,6
0,1,0,4,0
0,0,29,0,13
0,0,0,0,0
0,8,11,0,1
0,0,0,0,0
0,16,0,37,0
0,11,0,0,0
0,12,0,0,0
10,0,0,0,32
7,17,0,7,8
5,0,34,2,0
3,0,0,9,0
0,14,0,0,3
0,3,0,0,9
0,0,0,0,14
0,0,1,0,0
0,1,11,13,0
0,0,6,0,0
0,0,11,0,6
0,24,0,0,0
22,0,0,16,0
0,0,8,1,0
56,17,0,0,11
0,49,0,14,6
0,0,1,8,0
0,0,0,0,0
6,23,14,0,11
0,0,44,52,28
0,0,0,0,1
13,0,0,0,28
14,11,0,0,0
0,0,0,0,0
0,0,0,0,6
0,0,0,0,0
0,0,0,0,0
0,0,0,0,0
0,0,0,12,0
0,0,25,0,0
0,0,0,0,0
30,0,0,30,0
0,0,0,0,0
0,39,18,0,0
0,0,0,0,0
4,0,0,0,0
3,0,30,0,0
0,0,39,2,2
3,0,1,0,3
30,0,12,0,23
0,6,13,16,8
0,0,8,0,4
0,1,0,0,0
7,28,0,0,12
11,0,10,0,0
0,0,0,0,39
15,0,31,23,4
0,0,0,0,1
0,23,0,1,24
0,0,0,9,46
0,20,2,13,0
0,0,0,16,0
0,0,0,20,0
0,26,84,12,0
11,5,0,2,0
0,3,0,0,0
0,23,6,0,11
3,0,17,0,0
0,0,5,0,0
0,19,3,0,0
0,4,0,3,0
0,13,0,0,0
15,0,34,4,0
0,18,4,0,0
0,0,0,0,0
0,0,5,0,0
0,14,11,0,0
5,0,0,14,0
25,2,0,0,1
0,0,6,0,0
0,3,13,3,0
0,0,0,9,4
0,0,11,0,0
27,1,0,13,8
39,0,13,0,0
13,0,0,3,0
25,8,0,0,0
0,0,7,1,11
0,1,6,0,7
3,0,0,0,0
0,30,0,9,0
29,0,0,0,0
0,5,0,13,0
0,0,19,5,0
0,0,23,0,2
1,0,20,0,0
0,8,0,0,0
0,1,22,0,4
0,0,26,3,0
8,15,0,0,0
12,0,0,0,4
0,0,0,0,0
20,0,65,0,0
39,0,10,0,3
22,0,0,0,0
0,0,6,20,3
4,0,0,0,0
0,0,39,9,3
0,0,15,0,1
7,0,0,0,65
0,0,0,1,0
0,0,0,0,0
0,5,1,22,0
0,9,29,0,13
9,5,0,0,18
0,0,0,0,15
0,0,16,0,5
0,0,0,0,0
1,0,0,38,0
0,1,0,13,7
13,0,3,16,0
0,0,0,6,25
3,1,0,0,0
5,1,0,0,0
0,11,0,18,8
0,10,0,0,28
0,0,0,0,0
0,10,0,0,8
0,31,0,0,0
0,0,0,0,24
22,8,0,0,0
0,0,1,0,0
0,6,0,0,0
0,0,3,2,0
1,7,0,22,3
3,0,9,0,18
10,4,0,3,0
46,0,0,0,0
0,6,0,5,0
0,16,0,7,4
52,0,14,0,0
0,8,0,3,2
0,0,0,0,4
0,5,0,0,0
0,2,7,0,0
0,0,0,0,0
0,0,0,0,0
11,0,73,15,15
0,0,0,0,0
1,7,0,2,0
0,2,17,0,7
0,4,0,0,0
0,0,3,0,6
0,0,0,2,0
5,0,0,15,1
0,0,0,8,0
0,6,0,4,0
0,0,0,0,0
0,11,0,0,0
0,0,2,0,3
0,0,5,2,0
0,8,25,0,1
57,48,0,0,0
1,0,0,2,0
0,29,0,1,15
0,41,0,0,0
2,0,0,0,0
0,0,34,6,0
7,0,2,0,0
2,4,8,7,0
0,5,0,0,0
0,0,4,0,0
0,27,13,0,0
1,0,0,11,6
7,0,0,8,0
0,1,0,0,3
13,0,0,0,0
0,15,0,0,0
0,8,11,0,0
0,0,18,0,8
0,4,0,6,0
0,5,0,0,0
14,1,17,0,1
0,0,0,0,48
0,0,0,12,0
13,0,15,0,16
0,0,29,0,1
29,15,0,0,38
0,21,0,27,2
0,11,0,10,0
25,0,3,0,1
13,16,0,0,14
27,6,48,23,11
0,0,0,0,0
0,10,0,0,0
2,38,0,0,26
0,0,0,5,0
7,39,0,10,5
0,0,2,0,35
0,0,0,3,21
6,0,7,0,36
0,0,13,15,0
18,0,0,2,0
0,5,14,12,0
6,54,7,0,0
0,3,0,0,15
0,1,13,1,6
22,0,0,0,8
50,2,0,0,10
2,1,51,0,0
0,0,0,0,0
17,0,0,6,4
0,0,7,2,0
1,6,14,0,12
55,1,28,13,0
0,5,0,0,0
0,0,21,0,0
13,20,0,3,14
2,0,0,0,0
0,8,0,5,5
33,0,0,5,0
0,1,0,12,0
8,0,0,0,0
0,0,0,0,0
32,0,19,12,2
11,0,0,19,0
0,21,0,0,8
21,1,0,2,0
10,0,0,0,4
0,5,0,0,52
0,0,0,8,0
0,9,0,0,1
10,0,0,0,0
5,0,0,0,0
4,0,0,15,0
0,0,0,0,0
14,43,0,0,14
0,0,14,0,0
0,0,9,16,0
0,4,41,0,0
0,19,0,0,13
0,0,7,0,0
4,3,0,6,0
0,0,12,0,0
0,0,0,0,0
5,0,0,0,0
0,5,0,0,0
0,0,0,13,0
2,0,0,4,3
0,0,0,25,11
0,6,26,18,0
0,0,0,18,0
1,0,3,17,0
32,0,0,0,0
7,17,14,2,9
0,0,0,1,4
14,0,0,9,0
6,0,2,0,0
11,0,6,26,29
0,0,18,0,0
0,3,0,0,0
5,0,0,0,0
10,21,0,0,0
0,1,18,14,0
4,11,0,0,3
0,0,1,0,0
20,0,8,9,33
11,0,0,2,10
0,0,0,6,0
0,0,0,36,1
16,0,39,0,0
0,8,0,6,0
12,0,0,0,0
8,0,16,34,6
5,10,11,9,0
0,14,0,0,5
7,4,0,0,10
0,0,12,9,8
0,5,9,7,11
8,0,0,0,0
2,0,0,0,2
1,7,0,14,0
0,2,0,4,7
35,0,0,0,0
0,1,12,0,0
0,0,2,0,1
0,2,0,0,22
1,31,6,0,0
0,2,0,11,0
25,5,0,20,0
0,49,0,0,0
0,30,3,0,19
40,7,0,6,23
14,1,0,8,2
0,1,2,16,9
0,0,2,10,0
0,0,0,3,0
0,2,9,0,0
3,13,0,0,0
12,0,24,24,0
0,0,11,33,0
0,18,0,0,7
17,0,7,34,0
0,0,0,0,0
0,9,0,0,0
0,0,0,18,0
0,22,0,0,0
8,0,1,23,0
0,38,3,0,0
0,25,0,0,0
6,0,23,0,18
0,5,0,7,0
4,8,0,6,0
0,0,17,0,0
18,0,32,0,1
0,4,0,0,3
17,0,18,4,6
0,0,0,36,0
0,0,0,12,0
16,0,7,1,0
13,14,0,1,0
1,0,0,0,0
0,0,0,3,6
0,0,3,0,11
0,0,2,0,0
5,0,2,1,0
6,0,15,0,0
4,1,3,0,14
0,0,0,0,4
0,2,0,2,0
0,0,0,0,0
0,25,1,0,45
0,0,0,0,0
0,46,0,10,0
11,3,0,3,0
0,0,0,0,0
5,18,0,18,0
11,4,0,7,6
0,0,4,0,0
20,0,21,0,0
8,8,18,0,0
0,46,1,0,1
0,0,0,15,0
0,0,49,2,2
0,22,0,49,2
0,0,0,2,1
3,0,0,0,5
9,0,0,27,0
0,0,0,0,0
0,9,0,6,0
0,2,0,19,0
0,32,12,0,16
0,0,0,12,15
6,0,0,10,0
0,16,6,0,0
1,4,0,0,1
31,0,6,0,0
0,0,1,2,0
0,0,9,8,16
0,10,0,10,0
5,0,0,0,0
0,0,0,6,2
0,22,0,9,2
0,0,0,0,0
0,4,0,0,11
10,11,0,1,0
0,0,7,12,20
0,0,0,1,23
29,0,0,0,12
0,17,0,1,0
0,0,0,3,9
7,1,0,0,2
0,0,0,0,0
0,16,2,0,9
0,0,15,0,0
0,0,0,15,1
0,8,0,0,0
0,0,5,0,0
5,38,19,9,0
0,0,32,0,20
0,0,4,17,2
6,0,0,13,22
0,0,0,4,4
20,0,0,0,0
0,0,0,0,13
16,0,8,0,42
1,0,0,0,5
13,58,0,3,0
0,0,0,0,2
0,0,8,31,14
1,0,0,0,0
0,0,0,8,0
4,0,0,0,0
0,0,0,0,11
0,0,0,9,28
0,4,0,0,10
0,0,5,1,0
0,1,9,4,0
0,0,32,0,19
104,5,0,0,15
23,12,0,0,0
13,1,2,0,17
19,0,0,0,0
0,4,0,0,0
0,0,0,15,16
0,4,0,7,0
3,16,0,0,38
0,0,18,13,0
4,17,27,0,1
16,0,0,0,57
16,0,0,0,0
0,18,37,9,0
15,8,0,0,0
0,12,0,22,0
8,0,0,1,15
11,0,0,0,27
0,18,0,0,13
2,1,0,0,0
0,38,5,0,0
0,0,0,59,0
0,3,0,7,3
7,0,1,1,0
0,0,0,0,0
8,15,0,0,0
33,0,0,20,4
0,0,18,21,0
0,55,37,0,16
0,0,24,15,14
0,0,0,0,0
4,18,0,0,0
0,0,0,0,0
3,11,69,0,0
0,0,0,26,4
19,4,2,16,3
5,5,0,0,20
0,0,0,14,18
24,0,0,5,0
0,0,0,0,4
3,5,67,0,0
0,10,1,4,18
0,7,0,0,0
29,0,0,0,0
0,0,0,2,0
0,0,0,13,1
0,0,0,0,15
3,0,11,0,0
0,23,0,4,0
23,5,0,0,12
21,0,0,0,0
16,16,11,0,0
11,0,0,14,8
0,26,0,0,0
8,0,35,24,0
0,9,0,0,5
0,0,34,0,4
0,0,0,0,2
0,0,6,10,3
0,6,0,4,29
3,16,0,0,13
4,1,0,0,0
27,0,0,5,0
8,0,5,0,0
0,4,6,24,8
4,0,0,0,8
0,1,6,0,0
0,0,0,0,15
4,0,1,0,0
0,0,30,0,0
0,0,0,0,0
0,0,0,0,0
10,29,0,3,0
0,0,0,0,0
0,5,0,0,0
0,0,0,0,0
0,29,0,0,0
0,0,3,0,0
0,6,21,0,0
0,1,0,0,0
0,0,11,0,0
0,12,3,16,0
7,0,0,0,0
9,0,22,0,16
0,2,34,18,0
0,0,2,8,0
9,0,0,0,25
2,7,4,0,0
1,0,0,24,0
0,15,19,6,0
0,0,0,0,0
0,0,0,6,0
0,0,0,3,0
15,0,0,28,8
36,0,0,7,0
0,0,0,0,20
0,0,0,0,0
0,0,0,0,0
9,0,0,0,0
0,1,15,16,0
0,5,3,0,0
9,0,0,0,0
0,0,0,0,3
0,4,0,22,19
0,9,0,0,11
8,22,0,0,0
0,0,3,13,0
0,0,45,0,0
0,0,0,26,1
0,11,13,0,0
0,0,0,0,9
5,0,0,0,12
5,0,18,0,17
0,0,0,0,0
50,0,0,4,8
1,24,0,0,0
0,16,38,2,0
0,0,3,28,0
0,30,2,16,0
0,0,0,0,0
11,0,0,5,3
0,16,0,0,0
0,0,0,0,6
0,40,4,0,0
0,9,0,0,26
4,0,0,0,0
0,0,0,0,0
24,0,11,0,0
0,0,2,0,0
0,0,0,25,4
0,0,0,0,0
0,0,12,4,0
0,5,0,15,0
1,0,16,48,0
0,0,13,2,0
8,11,0,10,0
0,8,0,0,0
1,0,0,4,0
4,0,3,0,0
0,7,4,0,0
24,1,0,0,0
19,0,0,0,19
0,0,2,0,3
0,0,0,0,0
0,8,0,0,1
0,0,0,0,0
0,9,0,17,13
0,7,0,4,5
0,0,3,9,0
0,0,9,27,8
0,0,3,0,0
23,0,4,18,0
0,0,0,0,0
0,10,0,0,14
0,3,16,25,4
0,11,4,0,0
0,0,0,0,0
0,0,0,13,11
0,0,21,20,0
0,0,0,0,0
8,0,4,0,0
0,0,0,0,0
0,0,0,0,5
0,0,6,2,0
0,0,0,1,0
0,0,0,0,1
8,3,1,0,0
0,3,0,0,0
22,0,4,0,10
18,0,0,1,0
50,0,0,0,10
0,0,1,5,0
6,0,0,0,0
6,0,2,16,0
8,0,0,0,0
0,0,0,1,0
2,59,0,0,4
0,0,0,11,0
28,0,5,29,30
14,0,63,0,0
10,22,10,0,15
0,5,32,27,5
0,20,0,3,0
0,0,0,0,2
0,0,0,0,2
27,0,12,0,0
63,7,0,0,0
0,12,18,37,0
13,0,19,12,22
0,2,0,5,32
0,0,0,0,0
39,0,0,8,0
4,0,0,17,0
0,17,0,0,10
0,0,0,0,0
0,4,0,0,30
1,0,0,0,0
1,0,0,4,15
9,12,3,15,0
0,1,0,0,0
0,14,0,0,10
10,0,0,18,0
0,8,0,0,8
0,7,17,0,25
1,0,0,1,5
34,0,0,4,0
6,0,0,0,0
0,5,0,24,12
0,0,10,0,0
7,12,0,28,0
5,31,83,0,16
9,4,0,0,5
0,0,0,0,0
26,2,12,0,18
0,0,0,13,16
0,34,4,4,11
0,51,0,0,0
0,0,0,0,0
0,0,0,48,56
0,10,3,24,3
1,23,0,24,0
0,5,16,0,0
0,0,0,0,33
16,21,1,0,0
0,8,7,0,0
12,0,0,2,28
0,8,0,0,0
0,7,0,0,0
10,0,0,0,2
0,0,18,0,0
0,14,0,18,0
27,35,0,0,0
0,4,0,19,5
0,4,26,11,0
5,0,0,0,61
0,0,7,0,0
8,16,20,0,28
9,9,3,16,24
9,8,0,0,5
14,12,0,0,0
13,0,0,0,8
4,0,9,0,0
0,3,6,20,0
3,0,0,0,14
0,21,0,0,0
0,0,0,0,0
0,0,0,0,11
0,0,44,0,0
0,0,9,26,0
12,0,19,6,0
0,3,6,16,8
0,2,0,13,13
0,0,0,40,5
5,0,0,9,4
14,0,0,22,0
13,0,0,0,23
0,0,16,6,0
0,0,10,0,0
0,0,0,0,3
29,13,0,0,0
0,0,0,0,11
0,10,13,0,0
40,0,0,0,7
18,0,1,0,0
22,2,0,0,3
0,1,0,0,16
0,0,0,0,5
0,3,7,29,0
12,4,0,0,30
9,9,0,0,0
0,0,0,0,0
0,0,4,0,29
0,0,0,1,0
0,1,0,13,0
9,0,6,10,0
0,0,15,19,0
0,28,5,10,5
0,0,22,4,5
0,15,0,0,11
0,9,0,0,0
0,16,3,27,24
2,2,16,0,5
0,3,0,0,1
7,0,11,0,0
0,0,0,21,0
6,0,0,0,0
0,9,3,0,0
0,0,0,0,0
0,0,0,0,5
44,0,0,0,9
0,0,5,0,0
2,0,0,0,0
0,0,2,0,0
0,0,25,0,0
0,3,0,0,3
0,6,0,0,0
0,0,0,0,0
0,0,0,0,3
0,3,29,0,0
34,3,0,4,0
2,0,6,17,0
0,0,0,0,0
4,0,0,0,0
3,0,12,12,10
0,0,0,0,0
0,0,6,0,11
0,0,0,0,0
12,0,8,2,22
12,0,0,23,0
0,0,1,0,12
0,0,0,0,0
6,0,0,0,0
11,4,0,0,3
0,0,0,0,0
0,8,0,22,4
1,0,2,0,8
0,0,0,0,0
0,1,0,0,0
0,0,0,7,0
27,0,0,0,0
18,0,0,13,0
54,0,0,0,0
0,0,2,3,0
0,3,6,8,3
0,0,24,5,0
25,30,0,38,0
0,0,0,3,10
9,0,5,0,14
3,7,5,0,4
0,0,0,0,0
0,5,0,0,0
0,0,0,0,0
0,5,0,0,13
0,0,1,0,8
0,0,0,9,0
4,11,6,0,7
1,0,11,0,0
0,31,2,17,23
42,0,5,0,0
0,0,14,15,4
2,0,21,25,0
0,0,0,18,0
0,4,0,0,1
18,0,0,0,6
0,11,15,11,0
0,2,0,0,0
0,0,5,6,0
0,0,27,0,0
6,0,0,0,6
8,0,10,2,0
34,0,13,0,15
0,0,0,12,6
0,20,3,0,0
19,0,0,0,0
17,23,4,0,7
25,5,0,1,15
1,12,28,64,0
4,7,0,0,12
40,0,17,0,0
17,0,0,0,0
2,0,7,8,0
0,0,1,0,0
17,8,0,0,0
0,0,11,35,0
0,0,7,17,0
4,0,11,0,0
0,0,0,6,0
0,0,0,0,0
6,18,2,1,0
0,4,1,0,11
7,2,0,0,0
42,22,0,0,0
12,3,0,0,0
0,6,0,5,0
15,8,0,0,8
10,0,5,0,3
10,11,0,17,0
0,0,6,0,0
0,3,0,0,0
17,32,0,0,11
0,0,0,0,1
0,1,0,6,1
0,0,0,11,0
24,0,0,0,0
2,0,0,0,0
33,0,0,41,6
0,0,0,1,0
15,4,14,0,0
15,0,33,8,0
2,8,0,0,0
22,0,0,19,0
0,0,0,0,15
0,0,0,1,0
0,16,0,0,0
0,0,0,0,0
10,0,16,0,2
0,0,7,0,2
3,9,0,2,0
3,0,0,25,13
0,19,8,0,25
9,3,0,16,14
0,3,0,0,1
10,0,2,26,0
10,14,0,10,11
0,0,0,0,15
0,0,0,0,0
0,0,0,0,11
15,0,20,0,0
0,0,0,34,0
0,8,0,0,0
15,8,15,14,0
0,1,7,1,34
0,0,1,6,16
0,7,0,14,0
0,0,0,0,0
0,0,0,0,0
31,2,0,0,34
39,0,0,0,5
29,0,0,0,0
0,0,0,0,0
0,0,0,16,84
0,0,0,0,13
2,0,0,7,0
0,2,0,0,0
0,2,0,13,0
0,19,14,13,5
0,11,15,2,1
0,53,0,15,9
0,0,12,15,0
0,12,23,0,0
0,0,1,19,0
4,0,1,0,0
9,0,29,52,22
11,0,0,0,22
0,13,0,13,0
0,0,0,0,31
9,4,0,10,6
0,2,0,13,20
12,0,1,0,7
0,0,0,8,0
4,3,0,24,0
6,0,0,0,8
0,0,0,0,0
10,0,0,0,10
4,0,0,0,0
0,0,8,0,15
16,4,0,0,5
23,3,0,0,1
0,0,5,0,0
0,7,19,3,0
2,0,0,50,18
0,0,0,0,0
0,0,0,0,15
14,0,3,15,14
0,0,0,0,2
10,0,12,0,0
0,9,0,0,0
3,0,22,0,0
0,34,0,6,2
0,0,7,0,7
0,42,0,0,0
0,4,0,5,0
0,0,0,0,0
14,0,0,12,23
4,8,22,28,0
0,11,0,0,0
18,0,19,7,0
0,0,2,0,28
0,0,0,9,0
0,5,23,0,0
32,2,0,0,0
18,0,0,4,0
0,12,0,0,0
30,0,0,0,12
29,1,17,0,0
1,0,0,0,0
12,0,3,2,0
0,16,0,0,0
0,0,0,0,0
12,15,0,0,39
1,0,0,0,7
1,0,0,0,0
0,0,28,1,0
47,12,0,0,4
48,1,1,0,0
2,10,0,0,29
7,18,12,5,2
19,1,0,0,0
10,0,0,0,0
11,0,2,0,0
0,13,0,0,3
12,0,0,3,0
0,0,0,12,0
0,0,1,4,22
5,0,0,5,8
0,0,0,2,0
0,0,0,0,0
8,13,0,0,0
0,23,0,0,0
30,20,8,0,0
0,54,16,8,0
0,7,0,96,0
21,8,0,0,11
0,0,0,0,0
35,0,15,23,0
25,0,0,0,9
5,0,0,11,4
0,17,5,2,2
0,0,0,0,6
12,13,0,6,0
24,0,0,0,5
27,0,0,5,6
21,1,0,0,0
0,15,0,0,12
0,0,4,0,0
0,28,0,13,12
0,0,0,0,0
0,0,32,0,0
0,13,16,0,0
20,0,0,0,12
1,7,22,6,0
0,1,0,0,0
4,0,0,0,0
0,16,0,2,8
0,29,0,0,0
0,0,36,0,0
0,34,0,7,0
0,5,7,0,19
0,0,0,0,0
0,4,13,0,3
0,0,0,5,0
0,0,0,3,0
0,0,0,0,0
13,11,0,2,0
0,2,0,10,0
0,13,1,0,0
0,0,4,0,0
0,1,0,7,0
0,3,0,0,0
0,0,19,0,36
0,0,0,0,52
0,0,22,0,13
18,12,1,9,0
0,3,0,0,0
0,17,0,0,3
0,0,2,0,7
0,27,0,17,18
4,39,12,18,2
0,12,0,0,0
2,5,22,0,0
0,5,3,0,0
62,20,0,0,0
7,31,26,0,0
0,0,0,10,0
0,3,0,0,4
2,0,0,16,0
0,0,21,7,0
7,0,3,0,0
0,0,0,0,16
0,0,5,3,0
3,7,0,0,0
0,0,0,0,2
0,13,12,0,5
0,0,0,0,4
31,1,0,19,7
0,14,16,0,0
25,0,2,0,0
19,42,23,1,0
10,0,18,0,0
0,0,4,7,0
1,0,0,50,0
18,0,0,15,0
0,0,4,13,17
13,3,0,7,0
30,15,12,0,0
4,0,0,0,0
45,8,0,0,0
23,3,3,0,0
0,0,0,0,10
0,33,0,3,15
26,0,24,0,16
11,11,13,5,47
5,0,22,0,4
1,0,0,0,6
0,4,6,0,0
0,19,0,0,10
9,4,0,24,0
0,27,13,0,0
1,0,0,0,6
0,0,0,8,11
0,0,0,0,10
0,0,0,0,4
5,34,0,0,0
0,0,0,0,0
35,0,0,0,8
17,0,20,7,0
0,3,24,0,6
0,0,1,10,10
1,7,0,0,5
14,10,0,10,0
25,0,0,0,0
2,0,0,0,0
0,0,45,0,10
0,22,21,2,4
0,9,12,33,0
0,0,1,0,0
22,0,0,1,26
0,23,0,0,0
33,0,14,0,0
10,0,0,0,0
0,0,0,0,0
6,1,0,0,0
0,2,0,0,0
1,0,0,0,0
0,3,0,0,6
19,0,11,0,23
0,0,0,0,0
29,0,0,2,9
0,11,0,6,26
0,0,0,0,0
0,0,24,9,15
0,0,0,0,0
0,0,0,0,33
22,0,4,37,0
0,32,0,49,0
0,0,0,0,8
0,0,25,5,0
14,0,0,6,20
5,5,3,30,0
0,0,0,0,0
12,0,11,0,0
0,0,0,5,5
0,4,6,0,39
1,22,0,10,0
0,0,0,0,0
1,0,0,4,0
13,14,0,13,0
0,47,1,14,0
1,2,0,0,15
0,2,0,8,0
40,0,0,0,0
0,0,0,0,15
0,0,0,0,4
0,0,13,12,0
1,35,12,0,0
32,0,0,0,0
0,0,2,3,0
0,0,0,16,3
9,0,0,0,6
2,0,0,0,0
4,0,41,0,3
0,0,0,13,0
0,9,0,0,0
0,31,0,0,0
3,0,25,7,6
0,0,45,0,0
0,0,0,8,0
0,9,29,0,0
0,51,0,0,0
0,0,0,2,16
0,6,0,0,0
2,0,0,11,13
0,0,0,7,5
19,0,0,0,0
0,0,76,13,8
19,0,0,1,0
0,0,4,7,0
16,16,0,4,0
13,10,14,0,15
11,0,33,0,0
0,32,0,0,16
0,12,0,21,0
0,16,0,0,0
0,19,0,0,0
7,0,14,52,0
2,0,0,2,1
21,11,0,11,5
25,0,33,0,6
0,18,0,0,1
0,0,0,5,0
37,0,0,0,0
0,4,3,0,0
6,0,4,22,3
0,0,14,42,0
0,5,0,34,0
0,30,0,0,0
0,4,0,0,0
0,10,0,3,0
0,0,0,0,0
0,0,12,11,0
0,51,1,0,0
5,0,0,7,0
0,0,28,6,0
15,16,0,0,0
5,12,19,11,0
3,0,16,22,27
0,0,34,0,0
3,61,31,0,18
0,9,58,0,0
0,0,5,0,0
0,32,6,0,0
0,0,0,3,26
0,3,3,0,13
8,3,7,4,0
40,46,0,0,4
0,0,0,20,14
0,37,0,11,8
0,0,0,0,2
3,0,0,26,0
25,0,1,0,6
0,2,0,19,47
0,10,0,0,6
3,0,0,0,14
0,0,0,1,0
0,19,0,0,0
0,16,0,2,35
0,0,16,0,2
1,16,0,0,0
0,2,7,0,0
0,0,0,9,0
8,3,51,0,0
0,28,8,0,32
0,0,17,23,0
0,0,6,0,0
0,0,26,17,0
0,12,0,8,1
0,0,0,0,0
23,12,0,0,0
0,31,0,0,18
0,1,28,0,0
0,1,0,0,9
0,0,0,0,1
0,0,15,0,0
0,0,0,21,5
0,7,0,0,0
5,0,0,54,8
0,14,20,0,1
0,10,5,0,0
0,0,0,23,0
0,0,2,0,0
0,0,5,0,16
18,0,0,2,0
15,0,10,3,0
11,0,1,0,0
15,2,0,15,3
10,0,0,0,0
6,0,0,1,1
0,0,5,12,0
0,31,0,6,9
8,0,0,0,0
0,0,0,0,3
0,0,0,0,0
0,50,14,0,15
0,0,8,0,0
0,44,2,10,0
0,0,0,0,0
0,15,0,0,12
20,0,7,0,0
10,2,0,5,0
31,11,0,0,0
0,0,19,0,0
0,0,0,0,1
7,0,0,0,0
7,0,0,11,21
17,0,0,16,0
3,0,3,20,0
2,1,33,0,0
14,24,0,11,19
2,0,0,8,0
10,0,0,0,0
0,10,0,2,34
0,0,2,0,0
4,6,14,9,0
0,0,0,0,7
0,0,0,10,0
5,10,16,0,14
0,2,9,0,0
2,0,3,0,0
0,0,2,0,0
0,0,13,0,0
0,9,0,0,0
0,0,0,0,0
0,21,7,13,0
42,0,0,35,0
0,2,0,0,0
1,0,0,0,0
26,0,2,0,8
0,0,10,25,0
0,27,0,0,0
0,0,0,0,18
10,37,0,0,0
6,0,0,2,5
4,6,0,0,0
0,0,0,1,0
0,3,0,23,0
0,0,0,0,2
0,0,5,8,2
0,0,0,15,7
0,0,3,0,1
4,0,0,1,0
8,0,3,1,0
0,21,26,0,0
0,0,11,5,0
0,0,0,10,0
9,12,6,0,5
6,0,0,44,0
0,0,7,0,16
0,0,3,6,3
4,0,0,20,4
2,0,7,0,20
13,0,2,0,0
0,5,0,0,13
0,0,0,6,0
0,0,17,0,0
0,0,28,0,0
20,1,0,0,0
0,0,8,0,0
0,0,0,0,0
9,0,27,0,14
2,4,0,0,0
0,0,12,0,0
0,0,20,31,2
10,11,0,0,0
0,5,0,12,0
19,0,0,0,20
0,3,0,0,0
0,0,0,0,0
0,6,0,0,0
2,0,3,0,0
10,0,0,0,0
0,1,0,0,0
11,1,5,0,0
0,0,10,0,16
4,9,0,8,0
0,0,0,0,15
8,5,26,3,10
14,0,0,0,15
0,0,0,0,0
39,0,0,0,0
0,0,3,27,0
0,0,0,0,5
0,9,0,0,0
0,1,1,0,0
0,7,0,5,6
0,6,15,18,0
0,7,0,28,44
9,0,0,12,0
9,0,0,0,0
1,3,0,0,0
10,25,0,18,0
0,0,4,0,0
0,56,0,0,0
0,0,0,4,0
7,4,0,0,0
0,0,19,0,19
0,8,12,15,6
0,14,22,0,0
34,0,14,3,0
0,0,10,16,14
0,7,0,0,0
0,0,0,2,0
0,0,0,0,0
17,0,2,26,18
2,0,0,0,37
0,0,0,0,2
2,9,0,10,0
0,0,2,0,1
2,0,0,0,2
2,8,0,8,0
19,0,0,13,0
0,11,6,8,0
0,10,0,0,0
15,0,14,0,0
18,0,9,0,0
0,0,0,0,6
0,0,0,18,6
15,0,9,0,0
27,0,0,0,0
0,0,3,0,0
0,0,1,17,5
6,10,0,0,0
0,0,0,0,0
0,0,0,0,6
19,0,26,19,3
7,6,1,12,4
0,0,0,0,0
0,0,0,16,1
26,0,1,6,0
16,0,0,0,0
0,0,21,0,0
16,0,0,12,0
0,0,0,0,0
0,0,44,0,0
0,0,0,0,0
42,0,0,6,1
26,6,23,0,2
8,31,0,0,9
0,0,0,0,0
14,11,0,25,0
22,19,0,0,0
39,0,24,0,0
12,0,0,0,0
0,0,0,0,0
0,0,1,0,8
0,0,0,31,0
0,2,0,0,2
3,14,0,4,15
15,0,3,5,9
4,0,3,39,0
14,1,14,0,18
0,18,0,0,0
0,0,0,4,0
0,0,22,6,6
5,0,0,0,0
35,0,0,11,0
0,0,31,4,0
0,19,0,0,2
0,0,36,3,25
5,0,0,5,4
0,0,0,10,0
0,0,0,0,0
0,0,0,5,25
0,0,13,0,0
7,11,0,5,33
0,0,7,0,0
0,38,39,0,9
0,3,3,0,36
0,0,0,0,0
1,76,1,0,14
24,12,0,0,0
6,1,19,7,16
0,0,0,0,4
0,0,0,0,0
0,6,6,0,1
0,0,12,11,0
0,0,0,6,0
0,0,0,0,0
0,27,30,1,0
0,0,0,0,0
0,12,10,0,0
9,0,0,0,3
5,35,0,33,0
12,1,0,3,0
32,53,3,0,2
0,5,3,0,0
0,0,0,0,12
36,50,0,0,0
0,0,0,1,3
10,0,0,6,23
3,0,4,0,12
7,1,0,0,9
6,0,1,0,0
5,7,0,0,7
0,0,0,0,2
0,3,0,0,19
6,0,13,0,3
0,0,0,0,0
13,0,0,0,0
15,2,0,0,14
0,0,0,0,0
0,0,10,0,2
0,11,0,0,4
0,18,7,0,0
0,0,0,0,0
0,0,0,6,15
9,0,13,0,0
8,4,2,0,25
0,0,0,0,14
0,3,15,21,0
27,0,0,8,1
18,0,29,9,0
0,4,10,0,0
1,0,0,0,1
20,0,6,0,6
25,0,9,0,12
0,14,0,0,0
8,5,4,1,0
3,0,1,0,5
0,0,5,14,3
0,0,0,10,10
1,0,6,4,0
0,1,0,0,0
0,0,0,0,0
8,0,51,0,4
0,0,1,32,0
4,18,1,7,0
0,0,0,0,0
7,0,0,0,10
0,0,0,0,4
0,0,3,0,0
0,0,0,0,28
0,3,0,29,0
0,67,6,0,0
0,15,18,0,0
24,0,0,8,0
6,15,0,0,0
0,0,0,0,0
4,1,15,0,0
0,0,3,0,0
1,4,0,0,0
0,20,11,26,0
0,6,0,3,0
0,9,19,0,11
0,22,0,10,19
0,0,14,0,0
4,0,0,0,9
17,0,0,0,17
7,0,0,1,6
0,0,0,0,0
0,6,0,0,51
27,0,0,12,0
5,20,1,0,0
17,0,0,0,0
0,7,2,8,6
0,0,5,0,0
19,0,8,3,0
15,8,0,12,0
0,0,14,0,0
0,3,0,0,0
10,1,0,5,0
4,0,0,7,8
0,0,69,7,0
1,0,0,0,27
32,20,0,0,0
0,0,6,9,0
0,0,0,0,26
1,0,0,8,7
1,0,0,0,5
15,0,32,0,0
0,0,0,0,1
0,17,0,36,0
0,4,0,12,21
0,0,0,4,0
0,1,0,0,2
5,0,0,0,0
5,0,4,0,0
2,0,0,2,34
13,0,7,0,0
22,0,0,0,17
5,1,1,0,0
6,0,10,0,19
0,0,2,3,0
0,4,0,20,0
23,0,0,2,3
0,0,15,0,0
2,3,0,15,0
6,4,15,0,0
0,0,0,25,0
32,0,16,0,18
2,4,18,17,0
0,21,0,21,4
0,0,12,0,0
9,23,0,0,0
0,0,0,12,0
27,2,5,0,0
4,0,8,8,0
0,24,0,15,21
0,0,12,0,0
0,7,0,0,0
11,0,0,0,0
0,3,0,0,38
0,0,0,0,0
10,20,3,0,16
0,0,0,2,16
0,0,0,0,0
0,0,43,0,13
0,0,5,0,0
4,0,0,3,0
23,6,1,0,0
0,0,17,0,0
22,0,0,0,0
8,17,0,0,9
0,9,0,12,0
0,0,0,9,31
13,23,1,0,0
3,0,0,19,0
0,0,0,0,17
0,0,17,0,0
0,3,0,0,0
0,0,25,0,1
0,0,8,6,3
2,0,0,0,5
0,0,0,15,19
0,0,7,3,0
20,44,8,0,24
0,63,8,13,0
0,0,0,16,0
1,12,0,0,0
0,14,0,0,40
0,0,10,0,2
0,0,0,0,0
0,0,0,0,0
0,0,0,0,6
0,0,2,11,6
26,0,36,0,2
0,8,11,0,0
10,0,0,0,3
0,0,3,5,16
8,0,0,1,0
0,0,15,0,0
0,0,0,18,1
0,0,5,0,18
0,0,30,0,0
0,0,0,0,0
0,0,19,3,0
17,8,7,27,26
0,0,0,0,0
40,0,9,0,0
0,18,2,4,35
0,17,0,0,0
0,0,1,0,5
17,0,9,0,30
4,19,0,0,0
14,0,0,0,0
0,0,5,0,0
4,0,0,15,0
0,11,1,0,0
0,0,0,3,0
17,0,9,0,29
0,0,45,0,0
0,0,0,0,0
0,3,5,9,6
0,0,0,0,0
0,29,0,0,4
35,0,0,0,0
18,0,0,0,0
4,8,0,8,6
15,0,0,0,0
0,10,0,0,0
0,0,0,5,0
0,0,6,0,48
0,0,0,12,0
0,0,0,2,0
0,0,10,0,0
0,0,0,0,0
0,0,0,0,0
0,19,0,3,0
0,0,6,0,0
0,10,0,0,0
0,0,0,4,0
0,21,39,15,0
0,15,0,8,0
35,0,0,0,11
55,22,9,0,0
10,28,1,4,0
0,4,0,0,0
17,14,0,1,0
0,0,0,0,11
0,0,0,15,23
7,3,0,0,0
3,0,0,31,0
6,10,14,0,12
0,17,41,0,0
0,9,0,0,7
5,0,2,0,0
1,8,20,41,0
8,2,13,25,0
20,0,1,0,0
2,0,16,0,0
0,23,0,0,0
0,6,20,23,9
8,0,0,4,9
3,19,0,0,19
6,12,3,0,10
0,17,0,13,0
0,10,0,13,0
0,16,0,0,20
0,0,17,0,0
0,0,0,0,9
0,0,13,15,0
0,0,0,50,0
0,0,0,4,0
26,1,0,0,0
0,4,29,0,25
12,0,0,0,0
0,11,0,9,0
0,0,0,0,13
0,25,0,5,3
0,0,0,0,0
0,6,37,13,0
2,4,0,0,0
0,0,2,0,0
0,0,22,1,0
0,7,0,6,0
11,0,0,0,0
6,0,3,0,0
0,0,0,11,0
0,1,1,0,0
15,2,0,0,1
26,0,0,0,0
0,14,0,19,6
0,37,0,4,0
0,2,7,0,5
2,0,0,24,0
0,0,1,0,3
0,0,2,0,7
2,0,0,0,15
7,0,0,4,7
0,0,0,0,0
0,0,0,3,0
0,10,10,0,0
14,0,0,0,2
0,8,0,3,0
6,0,0,0,0
16,0,0,22,0
13,0,0,7,0
0,0,0,41,0
0,0,0,0,0
0,0,24,4,0
0,0,0,0,0
0,18,0,4,13
0,0,0,0,19
5,0,13,37,0
4,0,0,0,0
3,6,0,9,44
3,0,0,0,0
5,0,4,10,0
46,0,8,0,0
0,11,12,0,2
0,0,0,21,0
15,1,0,4,10
16,0,0,0,0
0,0,4,0,0
0,10,0,0,0
0,0,0,5,3
6,0,0,0,2
0,8,25,0,4
0,0,0,8,15
0,0,0,6,0
0,0,2,26,8
0,22,0,3,0
0,0,0,0,3
2,0,7,0,7
0,1,0,17,30
22,2,0,10,0
0,10,0,5,13
0,0,0,0,0
0,0,9,0,4
0,40,0,1,13
0,0,0,0,0
20,0,0,0,4
0,0,25,17,0
0,0,3,0,0
0,6,13,0,0
10,3,5,12,43
0,6,1,0,0
0,0,0,0,20
0,1,0,3,0
0,6,0,0,0
0,14,1,0,0
5,0,11,0,0
0,18,0,0,0
0,2,7,7,0
23,11,1,0,0
19,0,24,0,0
24,0,23,20,0
0,0,0,0,0
0,0,0,0,3
0,1,0,8,0
0,2,0,12,0
0,6,0,0,2
0,0,4,0,5
5,7,5,6,0
0,0,0,0,0
29,0,0,0,0
0,64,12,22,0
16,0,0,0,11
0,0,6,0,0
9,6,0,4,5
0,0,2,0,2
0,0,0,0,0
0,0,0,0,4
0,0,21,11,0
0,0,0,0,0
0,0,0,0,9
0,0,0,0,0
25,0,0,1,1
0,0,0,0,24
0,15,0,0,30
23,0,26,1,0
2,7,3,9,2
3,0,0,5,0
0,0,2,6,0
0,9,15,0,11
24,0,3,0,30
0,0,0,0,1
25,0,1,0,0
0,12,0,0,16
6,0,0,3,7
0,6,8,2,9
1,0,18,5,8
0,1,0,0,19
0,0,0,7,9
0,0,0,7,15
0,0,6,2,0
0,0,0,0,3
20,2,5,0,18
25,11,13,0,5
0,7,12,0,0
0,0,7,0,0
0,0,0,11,0
4,0,8,0,0
31,2,0,0,0
0,0,0,13,0
17,21,0,0,0
9,25,0,31,0
0,0,7,0,0
0,0,0,26,0
0,0,0,5,0
18,0,0,19,0
0,0,0,0,0
1,0,5,2,0
0,0,0,31,0
16,0,11,0,0
0,0,0,13,18
6,0,0,0,0
0,0,0,0,0
0,0,21,0,0
6,2,16,0,3
3,9,0,0,0
0,0,0,0,0
0,56,0,0,0
4,1,19,0,0
0,0,0,24,0
0,0,0,14,0
0,0,5,23,9
0,6,2,0,0
14,0,0,0,0
2,0,23,0,0
0,0,11,0,18
0,0,0,0,0
21,0,0,0,22
0,0,0,1,16
18,15,6,6,0
0,0,0,20,0
0,0,0,0,0
42,0,0,20,0
0,0,0,8,20
0,1,12,0,50
1,16,8,30,0
30,0,10,17,17
0,24,3,0,0
0,0,0,6,0
20,0,0,10,0
0,4,0,0,0
0,0,15,13,44
0,0,0,0,21
0,0,34,0,5
10,0,0,0,0
0,0,4,10,37
0,17,7,0,0
0,0,0,0,0
0,0,0,2,0
8,4,0,0,6
11,0,0,0,0
15,0,0,0,0
12,29,0,0,4
0,5,0,0,1
0,3,0,0,0
0,0,0,10,0
0,0,27,0,4
0,2,0,0,0
2,0,0,19,2
0,7,0,16,5
19,0,0,0,0
12,14,37,0,23
23,0,0,0,0
4,0,0,0,0
0,0,0,6,0
16,0,0,9,0
0,0,4,0,0
6,0,3,0,0
0,26,3,54,0
0,0,16,4,0
0,0,11,7,0
13,0,0,3,0
0,0,0,0,0
5,0,11,55,0
7,0,0,29,0
2,0,0,0,0
0,41,0,0,0
0,0,6,0,0
0,0,36,14,19
0,37,0,0,0
0,0,0,0,0
0,20,23,6,0
0,15,8,0,0
23,2,40,0,0
0,0,22,18,0
0,0,0,0,31
0,0,0,0,4
0,11,14,0,3
4,0,0,4,2
0,0,0,0,0
0,0,0,0,0
0,13,9,0,0
5,0,0,0,2
0,0,0,35,0
0,26,0,0,0
0,0,0,0,20
14,18,0,41,2
0,0,18,0,27
0,0,0,0,0
0,1,7,0,7
0,11,0,3,11
0,0,0,0,0
7,0,0,0,0
0,11,0,0,0
3,0,0,0,3
0,9,0,13,0
0,12,0,6,0
0,0,0,0,1
0,7,0,0,4
4,0,0,0,0
3,0,0,0,0
0,0,2,0,2
0,9,14,0,0
0,0,7,0,0
3,0,0,0,13
0,0,57,10,0
6,0,0,0,2
0,0,0,19,12
0,0,0,0,0
0,18,0,24,3
0,11,0,11,5
1,0,0,0,0
0,0,0,35,0
48,15,6,0,10
16,0,4,0,0
36,7,1,0,0
20,0,0,14,17
3,23,4,2,0
0,0,0,3,22
0,0,5,56,14
0,0,3,0,0
11,0,0,1,0
0,4,0,41,15
4,18,13,0,0
0,32,0,0,0
6,0,0,0,0
0,13,20,9,0
4,0,0,14,0
0,1,0,40,2
0,24,0,1,0
0,12,0,0,2
0,0,0,1,9
0,13,2,0,4
42,3,13,3,0
16,8,0,0,0
11,0,0,0,0
0,0,0,2,0
8,0,0,0,0
10,0,0,8,0
0,5,0,0,32
0,32,41,0,7
0,0,0,0,5
19,0,0,9,0
35,0,4,5,22
11,0,0,0,0
0,16,9,0,31
0,0,31,1,0
34,24,5,30,0
0,0,0,0,33
8,3,2,9,0
5,32,0,0,0
12,12,0,0,0
0,0,0,0,3
0,0,0,26,2
0,22,0,0,17
9,3,0,7,0
5,22,0,0,16
7,0,24,18,0
0,0,0,21,0
0,3,0,0,0
0,0,0,0,0
38,1,16,0,0
0,0,3,21,0
8,0,0,0,0
0,0,15,0,1
0,7,0,0,0
16,0,0,0,8
0,3,4,0,6
0,0,19,13,0
37,0,28,46,0
9,4,0,0,0
24,21,0,0,0
32,0,0,27,11
3,0,0,0,0
0,0,6,0,21
0,0,3,0,0
0,0,1,0,0
17,0,0,13,14
0,0,0,0,0
0,0,0,0,42
15,0,0,0,0
0,26,0,0,0
0,12,0,0,0
0,32,11,0,34
0,4,0,0,0
19,0,0,19,0
0,0,2,6,0
5,0,26,24,0
28,9,0,0,0
5,0,0,29,0
0,0,1,0,1
0,0,6,0,0
4,2,0,30,16
0,0,0,0,0
12,0,0,37,0
0,5,0,0,0
0,0,0,9,1
0,0,13,0,0
0,27,0,0,11
10,5,40,0,0
0,0,52,29,4
2,38,0,10,12
6,0,8,0,0
0,3,0,0,17
0,9,13,0,0
0,7,8,0,1
19,17,0,0,0
3,0,13,0,0
1,31,0,0,0
2,32,18,0,0
0,0,9,0,0
31,26,5,0,0
0,0,32,0,0
6,24,0,0,0
6,25,0,0,1
5,12,3,12,0
0,0,28,1,0
0,0,15,4,0
18,0,9,0,0
3,0,6,38,5
3,0,0,0,0
0,0,15,6,0
14,8,8,13,5
30,0,3,0,0
0,0,0,0,0
0,3,0,0,8
2,0,15,15,19
0,0,0,0,22
0,7,0,0,0
9,3,0,0,0
8,0,0,2,0
0,0,0,0,24
0,20,0,4,0
12,24,17,0,27
31,0,0,0,13
33,2,0,16,14
1,0,0,0,1
0,3,0,2,0
0,0,3,0,0
12,0,0,0,22
0,0,19,0,39
0,0,16,0,0
0,0,0,16,0
1,3,14,19,0
0,0,13,0,1
16,0,17,0,0
0,0,8,0,9
0,2,0,20,0
0,0,0,2,0
13,24,0,0,0
3,0,0,0,3
0,0,0,27,2
11,0,0,0,0
15,0,0,13,0
0,0,0,0,20
1,0,0,0,0
22,2,0,0,0
0,0,2,1,0
0,0,0,0,0
0,45,10,8,4
32,0,0,0,0
0,1,0,21,0
0,0,19,0,0
0,0,0,0,22
0,0,3,3,0
0,0,0,0,15
0,0,0,0,0
0,110,0,0,1
0,0,4,11,10
6,22,0,17,11
2,10,0,0,0
0,34,49,0,0
30,6,0,0,0
1,0,27,0,0
12,0,0,10,0
0,0,0,10,0
0,20,2,11,0
7,0,0,0,12
37,19,4,0,6
0,11,0,1,0
2,57,0,0,0
18,0,11,2,0
9,17,0,28,43
0,0,0,4,11
0,0,0,6,0
0,8,0,0,0
3,0,0,3,0
10,0,22,1,0
0,17,0,0,17
0,0,0,0,0
0,21,12,0,0
0,5,0,2,22
10,0,0,7,0
0,0,0,7,0
0,0,0,0,7
0,0,0,0,38
30,0,25,13,9
12,0,0,0,24
0,15,0,6,3
9,0,0,7,0
6,16,0,0,0
26,0,4,0,0
7,0,7,0,8
0,0,0,15,0
0,22,0,0,0
0,0,0,1,0
19,9,0,0,0
0,0,15,19,0
0,0,0,0,0
4,35,11,20,0
0,0,16,0,0
6,22,0,0,13
0,8,2,0,0
0,10,0,9,1
0,8,0,16,0
0,4,0,0,26
0,14,28,0,0
23,9,0,1,0
0,0,21,0,34
0,0,0,4,0
14,14,0,5,17
0,0,0,8,1
3,0,0,7,5
21,0,6,4,5
10,13,0,0,0
0,0,11,0,0
0,5,0,0,0
0,0,9,3,0
0,1,6,0,26
0,0,0,2,4
6,0,5,0,23
0,0,0,0,34
0,0,2,0,0
0,0,47,11,0
0,39,18,0,0
2,50,0,8,0
0,0,16,0,1
28,2,0,3,0
0,0,0,0,11
37,3,3,0,0
59,0,0,0,8
13,30,28,0,0
0,5,0,0,0
2,0,6,0,0
0,0,13,41,1
13,0,0,3,1
0,12,0,24,0
0,10,0,3,38
9,18,9,0,0
0,12,22,0,0
0,0,0,11,0
31,19,23,0,0
1,0,16,0,11
29,0,0,0,13
9,0,0,0,3
0,0,0,24,0
0,0,1,0,24
0,0,3,35,0
0,10,0,15,50
0,0,47,0,0
7,0,0,0,0
0,0,0,4,0
0,3,15,0,0
0,0,0,18,23
0,0,0,0,13
0,10,11,0,0
0,23,0,0,0
0,0,8,0,0
0,0,9,26,14
18,0,15,20,0
0,0,0,31,2
0,0,0,3,0
0,9,0,22,0
0,6,0,5,2
0,4,12,0,0
8,4,0,3,3
0,0,0,18,0
5,0,0,33,0
0,22,0,23,0
2,4,7,58,0
8,0,11,0,0
0,17,1,0,0
0,0,6,0,0
5,0,6,0,10
0,0,0,0,0
7,0,0,0,0
0,24,0,0,10
7,6,0,19,0
18,3,0,0,0
0,0,0,0,0
25,0,2,0,0
0,0,6,0,0
14,0,9,0,5
0,0,17,0,0
0,0,0,13,0
0,0,0,0,0
0,0,0,0,0
0,0,0,2,6
0,0,0,0,22
0,28,16,75,4
0,0,0,0,11
7,0,8,0,21
0,0,0,0,0
8,18,0,22,0
0,0,0,0,0
0,0,12,0,0
3,5,0,0,0
0,0,0,0,1
0,0,5,0,0
0,20,0,0,0
0,0,12,3,0
0,0,16,0,0
0,0,0,1,0
0,0,1,0,0
0,15,0,0,0
0,0,8,1,0
19,0,6,0,0
0,0,6,0,0
0,34,0,8,0
12,0,6,0,0
0,14,0,0,2
0,0,0,0,0
1,0,0,0,0
3,10,0,0,8
5,0,0,0,9
0,0,13,17,3
0,0,21,19,0
2,0,9,0,11
0,0,0,0,0
0,18,0,0,6
0,0,0,0,0
6,0,0,0,0
0,13,0,3,0
2,3,15,0,0
24,0,0,0,23
4,4,58,18,0
22,18,8,0,3
0,0,3,7,9
0,0,0,0,0
0,0,11,10,0
35,8,0,0,0
20,5,0,0,5
22,0,0,0,0
0,0,0,15,0
7,23,9,5,0
29,74,0,0,5
0,25,0,0,0
0,43,0,0,8
0,0,0,0,0
2,0,10,0,0
6,38,2,14,0
0,0,54,0,23
11,4,2,0,0
0,0,0,23,3
3,11,0,0,0
0,0,0,1,0
26,10,0,6,0
2,0,15,0,0
3,13,0,0,0
0,0,0,0,44
27,0,4,0,0
21,0,9,2,0
6,8,10,0,0
0,0,0,4,15
4,50,15,2,6
16,0,0,0,0
0,14,9,0,0
0,1,6,0,0
0,6,0,3,2
4,0,0,3,0
0,15,0,4,0
0,4,13,0,3
0,0,27,11,5
13,0,0,0,0
1,0,0,0,0
0,0,0,0,0
6,0,0,0,0
45,2,0,0,17
0,0,15,12,0
17,7,0,0,1
0,0,0,0,0
2,0,13,0,18
2,24,0,4,0
19,6,7,0,0
0,0,0,16,0
0,0,0,15,0
8,25,0,0,0
0,3,0,0,11
0,0,0,15,12
0,0,13,0,33
6,2,0,0,3
0,0,17,1,0
0,24,0,39,0
0,0,0,2,0
0,0,6,19,0
3,3,0,3,0
11,0,3,28,0
10,0,0,14,6
5,0,23,0,0
0,25,0,0,0
0,0,20,0,6
3,20,2,0,0
0,0,12,20,0
7,5,0,0,0
10,0,7,27,27
11,0,0,11,2
0,0,34,0,0
0,0,15,0,13
0,25,7,0,8
0,5,0,2,8
12,0,0,0,6
0,0,14,0,1
10,5,0,0,0
1,0,13,0,0
0,2,23,1,27
15,0,16,18,0
0,0,5,0,5
3,0,0,4,10
19,0,0,0,4
0,14,0,0,34
15,19,0,7,0
0,6,4,0,0
23,0,0,33,0
4,0,0,0,0
18,15,0,4,0
0,0,0,0,1
0,0,0,0,0
4,0,0,7,7
20,8,0,5,0
6,8,3,0,0
0,0,0,6,0
46,0,0,0,0
23,2,0,0,0
15,4,0,0,0
0,0,0,13,0
0,15,0,0,0
4,0,0,17,0
0,0,0,0,0
21,0,1,0,20
3,0,0,0,0
0,1,0,0,0
0,0,5,0,0
0,0,0,0,1
0,0,23,0,0
21,0,0,0,21
26,0,0,0,6
0,13,14,7,0
0,0,0,0,2
0,0,18,1,0
27,0,12,0,0
36,0,0,14,0
10,21,0,0,0
19,0,0,0,0
0,0,19,0,0
0,23,1,1,0
18,0,0,13,2
0,8,20,0,0
22,0,1,0,0
0,6,12,0,19
7,41,36,1,0
8,10,0,38,0
32,5,4,5,8
43,9,2,0,14
0,0,0,0,0
8,0,0,27,2
0,37,36,0,0
0,4,13,15,0
0,7,0,0,4
0,21,11,14,1
23,0,10,3,0
5,17,0,22,0
0,11,20,1,4
0,27,11,0,7
0,0,0,0,0
0,0,14,1,0
0,0,0,5,0
0,0,0,0,0
0,0,42,1,0
0,0,0,0,0
7,0,0,14,16
0,0,0,22,7
0,28,12,0,0
36,63,0,0,29
2,0,0,0,10
0,4,0,1,0
0,0,0,0,0
0,0,0,0,0
15,8,0,24,2
0,0,6,7,6
18,4,1,0,0
1,0,11,0,0
0,25,0,0,0
0,0,3,8,0
4,0,0,0,0
0,0,0,0,0
0,0,0,0,2
6,0,19,11,0
33,0,24,0,3
0,0,0,0,0
0,0,0,40,0
0,0,0,22,0
5,31,13,13,0
0,0,0,11,0
2,0,0,14,0
0,0,8,0,0
1,5,21,0,0
0,3,0,11,17
16,0,9,13,0
23,0,7,49,2
1,9,0,16,0
0,0,0,0,23
8,0,11,0,26
0,0,10,0,0
3,0,26,0,0
0,0,39,19,0
0,1,0,1,0
32,0,0,0,3
4,4,0,17,0
21,12,9,16,42
13,0,0,6,2
0,1,0,0,0
0,1,17,0,0
0,0,0,13,0
0,4,0,4,31
3,10,14,22,0
33,25,0,8,6
18,8,0,32,0
0,0,0,0,27
0,0,92,0,0
0,0,7,9,0
0,0,0,0,0
0,0,0,0,0
18,0,0,0,9
0,14,0,23,0
13,5,0,25,0
0,3,0,9,0
0,0,40,0,0
6,0,0,0,0
0,0,0,0,12
0,2,11,0,0
0,0,3,0,0
0,0,0,0,0
7,0,0,5,0
28,0,0,0,0
10,36,0,0,30
18,0,14,10,5
0,0,20,21,17
0,0,2,0,0
18,23,0,6,12
0,0,0,33,4
0,13,0,0,0
28,3,7,0,0
21,0,0,0,0
0,12,41,0,4
0,0,22,16,6
0,0,0,29,4
3,0,0,50,2
0,47,22,11,0
0,0,0,3,0
3,0,0,0,13
1,0,0,0,0
2,27,0,11,0
0,0,0,11,4
13,0,0,0,0
0,0,0,7,0
17,0,31,0,5
0,10,0,0,8
0,0,7,0,0
0,0,0,0,0
13,0,10,19,0
15,0,0,0,0
0,4,1,0,0
0,0,0,0,22
0,0,0,0,0
0,1,0,6,8
12,59,0,0,6
30,14,0,0,0
12,12,8,0,10
4,0,4,21,8
19,26,0,5,0
1,0,0,0,18
0,14,29,12,17
0,0,0,1,0
0,0,0,0,0
0,39,0,2,10
0,14,0,0,11
8,0,0,0,0
0,16,0,21,0
17,3,0,5,1
1,0,0,0,0
0,11,0,0,8
0,0,3,0,3
44,18,0,0,7
0,25,0,4,0
3,0,0,0,16
38,0,0,0,0
11,0,0,0,38
0,4,6,39,1
6,0,5,0,0
31,0,5,0,0
2,0,0,11,0
0,18,0,16,0
0,20,0,5,31
12,0,0,0,0
0,0,0,0,23
34,0,0,0,0
0,31,0,0,0
0,0,0,0,17
14,0,19,2,0
33,1,10,21,0
0,3,36,0,24
16,0,0,0,12
2,0,0,0,0
0,3,17,0,44
0,0,4,0,11
0,2,0,7,0
6,14,1,6,8
60,26,0,0,0
7,12,0,0,37
0,0,4,2,21
0,5,0,0,0
2,2,0,15,0
0,0,4,0,0
1,0,25,0,0
0,0,0,13,0
0,0,0,0,0
0,0,0,0,0
8,27,0,15,5
0,0,0,0,0
0,0,0,0,0
0,0,18,0,0
0,0,35,0,0
0,7,0,0,0
12,0,0,0,0
2,0,0,0,0
7,0,2,17,7
0,0,0,13,5
3,0,0,0,0
0,0,0,15,13
13,0,0,4,1
0,0,29,0,0
10,0,0,10,0
7,0,0,0,0
0,0,0,0,0
0,1,0,28,0
0,0,0,0,16
0,14,7,7,0
0,4,0,0,0
1,0,7,9,16
0,0,1,16,16
19,0,0,0,0
0,14,0,0,0
0,5,0,0,27
17,11,0,42,0
0,0,39,8,0
0,0,0,9,4
9,6,0,5,37
33,2,0,8,33
0,0,4,23,0
17,0,6,10,0
0,0,10,0,0
0,0,7,0,0
0,1,24,0,9
0,7,0,0,0
0,0,0,0,6
15,0,0,0,0
38,0,0,0,9
2,0,0,0,0
18,48,0,32,0
5,0,0,0,12
6,0,22,0,15
6,0,2,0,0
0,6,0,3,0
0,23,0,0,3
0,2,16,0,0
0,6,4,0,0
23,1,0,0,2
0,0,38,0,0
8,0,0,16,0
65,36,8,11,12
0,0,0,23,0
43,0,15,1,4
0,0,17,0,0
0,2,0,0,4
6,0,12,3,1
2,0,0,0,13
17,21,0,34,0
0,0,0,0,0
3,5,0,20,5
14,0,0,0,0
0,0,10,0,0
0,0,7,4,57
0,8,0,0,7
0,0,0,0,4
0,0,2,1,0
0,0,21,0,0
0,28,0,0,0
0,0,1,0,1
14,8,0,19,9
0,2,17,0,0
0,0,15,26,0
15,19,0,0,14
0,3,12,0,13
0,21,0,2,0
0,0,0,13,0
0,0,11,0,9
0,3,0,0,3
0,1,0,0,0
0,11,0,0,0
12,2,0,0,0
5,17,11,10,0
6,0,7,0,0
0,21,0,0,0
1,0,26,0,0
12,0,0,0,0
0,24,0,0,2
0,0,11,0,5
