32,32,34,28,37,27,37,37,34,35
29,0,25,28,26,0,34,0,22,31
55,48,51,51,56,49,2,55,52,46
31,33,34,32,34,37,35,38,27,32
13,10,13,21,14,7,11,18,7,14
24,23,18,23,20,23,1,16,23,20
0,33,31,26,22,24,0,31,28,25
18,14,14,17,2,16,33,30,28,1
3,0,6,0,0,5,2,2,4,1
3,18,10,9,21,20,16,14,13,15
1,1,14,9,41,23,28,30,1,0
1,4,2,4,26,32,1,30,31,6
1,21,4,16,25,29,21,0,15,24
23,21,8,8,2,12,11,12,1,2
9,8,10,10,10,9,9,10,10,11
9,1,9,7,9,11,11,10,10,10
10,11,10,10,10,10,7,10,9,9
10,10,9,8,9,8,10,10,10,8
8,9,9,10,11,9,11,9,9,8
9,10,10,10,9,10,11,11,10,10
10,10,10,11,10,11,11,11,10,11
8,9,7,9,9,8,9,9,9,9
8,9,9,10,10,10,8,10,8,10
9,11,11,10,11,9,9,10,10,10
9,5,8,9,7,7,6,8,8,8
10,9,10,9,9,9,9,9,9,9
9,10,4,8,7,7,9,2,8,9
9,9,9,9,9,9,9,8,8,9
58,66,70,64,51,2,62,67,1,62
0,33,42,43,0,40,3,46,43,46
57,50,57,0,52,58,61,56,50,55
1,21,25,24,0,25,25,27,28,25
64,54,67,56,65,60,65,60,60,71
49,55,61,66,57,61,0,58,54,62
72,72,75,72,71,75,73,69,70,74
26,28,30,26,25,26,28,30,24,26
0,25,26,28,26,27,24,26,24,19
55,51,52,57,57,56,58,47,0,55
20,18,23,20,25,21,24,23,15,24
22,22,25,25,15,22,21,0,0,21
10,11,2,2,17,2,0,0,7,1
25,22,21,22,22,23,21,17,18,0
21,22,23,24,27,28,24,25,23,22
27,25,23,28,25,26,24,22,25,27
22,21,20,22,25,24,24,1,24,25
56,56,62,56,53,54,66,61,53,55
24,27,28,19,27,26,24,28,20,22
32,33,33,33,34,33,33,34,32,30
18,16,20,17,2,1,17,18,19,17
1,48,50,50,2,54,1,1,50,45
66,67,67,59,39,62,2,67,67,69
24,1,25,22,24,28,26,30,26,28
60,60,0,58,64,0,54,58,1,51
26,34,34,42,43,38,27,35,31,25
71,73,70,68,73,75,72,72,70,73
64,64,63,59,63,57,54,1,62,1
11,19,17,17,14,13,14,17,18,14
15,18,16,17,15,14,14,14,20,12
4,6,5,8,8,4,5,4,6,6
29,33,27,28,31,29,30,29,29,27
22,20,21,20,17,16,20,21,21,19
18,21,19,23,21,20,22,17,23,19
14,17,13,0,10,13,14,8,14,11
0,0,5,0,1,0,0,0,10,0
3,22,1,12,3,0,23,1,1,8
3,3,5,7,0,0,1,0,4,0
0,0,14,13,15,0,14,0,14,0
13,18,2,12,10,8,17,12,13,17
28,28,34,29,34,29,32,32,35,29
10,0,2,0,0,9,9,1,0,0
63,67,65,63,59,63,1,64,66,67
67,67,67,67,66,67,65,66,65,67
59,59,63,62,63,61,61,58,1,62
83,86,87,84,85,86,87,83,85,85
68,67,67,67,68,67,68,68,68,66
66,68,68,66,68,67,1,68,66,67
66,68,66,67,68,68,67,67,67,68
77,77,78,79,73,74,74,75,75,77
86,86,88,86,85,87,86,87,84,85
60,60,58,57,58,61,59,56,61,61
81,79,85,79,82,84,83,82,84,83
82,82,86,85,82,80,80,83,82,78
79,75,75,79,69,71,80,78,75,76
76,76,78,78,75,82,70,75,72,77
1,17,17,0,0,0,25,0,23,22
23,0,14,6,7,1,1,1,1,0
36,35,35,35,35,39,38,35,35,39
24,23,22,23,1,23,26,29,34,35
24,15,24,1,25,26,21,25,0,4
10,9,9,10,6,1,9,10,6,16
25,26,29,27,23,33,31,25,27,24
61,64,60,62,61,61,60,58,64,62
39,36,37,38,39,42,38,38,43,39
39,35,37,42,44,40,39,37,37,40
39,38,33,39,31,35,1,35,41,40
56,60,57,63,58,58,62,61,60,56
3,13,14,36,34,0,1,1,38,1
54,63,58,58,55,59,58,53,51,48
55,49,68,64,62,52,1,50,53,57
86,84,87,84,88,82,87,86,86,87
1,0,52,46,2,1,54,0,2,44
16,2,7,12,1,19,16,16,10,4
1,1,1,61,62,2,61,50,1,4
49,31,53,8,15,1,1,1,58,43
50,62,0,0,55,2,2,55,2,3
1,1,2,7,4,0,1,10,0,0
21,20,18,19,18,19,20,20,18,18
72,74,73,73,1,75,74,73,72,66
18,15,18,18,19,19,19,18,19,15
19,18,0,16,17,15,18,18,16,15
16,19,17,17,17,19,17,19,18,19
16,20,16,14,0,20,16,15,16,16
11,0,8,1,0,2,0,0,0,4
11,11,10,11,10,11,11,12,11,11
3,1,1,1,9,8,1,2,8,1
7,2,0,4,5,4,2,9,7,0
7,0,4,7,9,4,1,1,5,5
0,0,0,7,0,1,2,1,2,0
4,1,0,1,0,4,4,3,10,3
1,4,2,6,7,3,1,6,5,1
9,7,10,8,9,10,10,9,10,9
14,13,14,14,14,14,14,12,14,13
12,12,12,12,12,10,11,11,12,1
12,12,12,12,12,11,12,11,11,12
12,12,12,12,12,10,12,12,11,12
12,12,12,11,10,12,12,10,10,12
54,55,56,54,57,54,56,57,57,56
53,56,57,57,54,56,55,59,57,54
47,52,50,44,45,52,46,0,47,51
51,56,55,1,52,57,54,56,51,53
53,57,56,54,58,56,58,59,52,54
58,57,57,57,55,59,56,58,52,54
54,56,59,56,59,56,54,58,57,58
50,49,50,47,47,52,52,51,47,50
52,53,54,55,54,56,48,52,52,54
50,51,53,50,50,51,52,49,45,49
51,50,50,46,50,53,47,50,46,50
42,47,45,43,47,45,38,47,43,47
49,46,48,46,43,49,47,48,50,50
45,49,52,48,51,49,43,49,48,47
24,30,31,32,29,29,28,30,33,31
30,32,29,28,29,30,32,31,27,26
16,11,16,16,16,11,19,14,14,15
67,60,61,64,63,66,62,60,62,63
36,34,31,35,34,34,35,35,32,34
30,33,33,33,32,34,34,31,31,30
30,30,30,26,27,29,28,33,28,30
52,65,64,56,63,53,63,0,61,56
72,74,76,73,74,71,70,71,75,73
25,24,28,25,26,25,27,29,25,33
40,37,37,35,45,25,38,36,34,47
53,57,57,53,56,50,53,54,62,51
61,58,57,53,52,57,58,58,55,54
55,64,59,58,64,58,60,59,64,57
11,2,1,1,1,2,1,3,2,1
1,1,1,1,1,1,1,1,1,1
0,0,0,0,1,1,1,1,0,0
1,5,3,5,1,1,1,1,1,1
20,2,29,38,7,9,1,31,1,13
0,2,1,2,1,1,1,1,0,2
69,76,69,63,73,78,77,70,1,73
28,31,33,31,32,28,32,33,32,30
35,1,1,1,32,28,31,30,1,32
61,64,61,63,3,70,64,63,63,65
21,31,12,5,19,25,19,24,14,22
25,28,1,32,30,28,23,25,32,30
0,1,1,5,10,2,2,1,1,10
28,24,21,26,26,23,26,31,26,29
58,53,59,49,59,58,0,0,55,52
58,61,60,54,59,59,57,63,61,61
47,47,50,51,56,52,54,52,49,55
0,69,66,79,73,1,70,69,73,69
50,47,57,50,57,54,55,1,0,57
1,54,64,59,55,60,62,1,63,53
54,52,1,49,55,55,59,57,1,55
71,67,68,72,69,68,65,77,70,64
80,78,76,80,76,77,77,76,73,75
52,53,57,60,59,48,56,48,51,60
70,75,0,75,62,63,66,75,67,76
0,64,1,68,65,66,55,72,66,56
73,68,73,73,73,77,70,76,78,72
68,68,69,65,72,69,71,76,70,74
22,22,20,20,21,24,21,20,21,20
22,19,0,2,19,12,22,20,13,15
18,20,23,20,23,21,22,21,19,22
43,43,37,45,45,42,40,39,44,36
24,25,24,24,23,24,25,25,22,25
25,24,24,24,23,24,24,24,25,24
21,23,22,23,21,22,21,20,23,22
44,45,46,46,45,45,46,45,43,44
40,34,28,39,37,1,43,34,37,29
2,21,19,17,16,12,1,21,0,20
33,33,1,36,1,30,40,30,30,24
35,0,1,1,11,40,1,31,34,33
38,7,24,35,33,30,1,36,0,34
40,32,33,33,37,5,25,37,35,27
64,63,59,63,62,58,68,62,54,58
59,62,65,51,60,56,62,65,62,56
93,93,94,93,90,94,93,94,92,93
18,18,18,16,17,12,12,10,19,16
17,18,19,18,20,16,15,9,9,12
73,75,77,71,74,75,75,76,69,73
59,61,63,60,54,57,54,58,55,59
19,23,21,18,24,19,23,22,23,22
5,1,10,7,7,6,7,5,8,7
81,85,80,84,83,83,83,82,87,86
24,23,23,24,24,24,24,24,24,24
10,19,15,16,16,13,13,16,16,18
22,22,19,23,21,19,22,18,22,21
22,18,20,21,20,21,22,22,19,21
23,2,11,0,24,15,2,3,16,7
32,3,23,37,2,24,36,19,0,0
1,0,5,1,25,1,1,1,21,1
23,35,0,1,2,44,33,27,17,2
15,3,3,30,2,1,2,13,2,15
29,24,15,22,28,15,29,25,26,21
32,1,1,1,4,21,1,3,0,1
24,21,28,0,0,39,1,34,6,33
39,44,49,42,54,44,43,43,47,43
31,24,32,32,29,3,30,35,37,2
30,0,38,37,30,33,27,26,23,28
28,23,1,44,2,0,2,0,23,39
2,41,37,32,0,41,39,1,35,42
1,46,43,1,1,40,38,34,40,33
0,6,2,3,1,8,0,0,1,4
10,13,16,13,15,4,11,21,15,0
1,0,0,3,1,3,0,0,4,5
13,3,3,0,4,0,2,1,0,8
7,17,1,1,21,8,0,0,0,2
2,0,5,2,1,0,2,1,1,0
2,0,4,0,0,15,11,0,10,11
10,10,15,8,5,11,8,9,4,12
43,27,33,0,26,40,0,38,32,35
30,28,16,24,20,27,29,0,1,28
6,12,19,6,7,4,13,10,16,10
1,19,0,24,31,26,24,0,25,27
0,27,30,5,18,17,19,12,11,24
30,28,19,32,28,24,33,23,25,23
50,52,53,50,52,53,53,52,53,53
34,36,37,41,1,41,10,1,46,1
52,52,49,54,48,54,54,52,52,52
51,50,47,50,51,52,51,49,50,51
53,54,53,53,53,53,51,54,51,50
52,54,50,53,54,52,52,54,54,52
2,53,52,53,51,53,54,53,52,52
50,50,49,50,1,48,48,47,47,47
40,28,32,40,0,41,1,13,1,33
0,39,32,4,42,31,30,3,1,36
37,32,39,30,1,32,1,1,1,37
32,3,40,38,36,3,38,36,28,1
0,30,40,36,39,29,44,35,39,14
27,39,1,41,30,4,14,39,40,38
53,60,56,58,65,57,57,58,57,64
55,62,59,61,65,61,65,60,60,61
77,77,77,76,77,77,76,77,77,77
22,23,19,19,21,24,25,21,21,24
63,71,68,71,68,64,68,67,65,65
58,50,61,56,58,61,57,56,59,54
63,62,53,55,64,59,54,58,60,64
29,29,29,29,29,29,29,28,29,29
26,26,28,22,23,25,26,25,27,26
77,77,77,77,77,77,77,77,77,77
29,29,29,29,29,29,29,29,29,29
29,29,29,29,29,29,29,29,29,29
29,29,29,29,29,29,29,29,29,28
28,29,29,29,29,29,29,29,29,29
30,25,24,28,28,1,24,29,22,23
27,23,22,25,1,22,27,24,18,3
27,26,26,24,28,24,27,25,26,18
59,57,60,61,64,67,1,61,61,60
25,30,30,27,24,25,28,26,0,24
25,27,27,25,28,24,24,26,27,26
28,27,1,25,30,31,24,24,30,24
64,56,60,60,60,59,61,59,61,1
62,54,63,1,67,63,53,52,56,66
22,1,24,23,25,21,25,25,22,22
1,57,0,52,56,60,54,44,56,56
60,57,57,47,52,57,54,1,53,62
56,1,0,51,52,61,48,1,61,54
58,61,56,54,46,54,50,50,59,56
10,0,0,12,14,0,13,20,12,12
24,21,26,20,29,24,27,24,27,29
4,0,1,19,6,6,1,7,1,2
0,0,1,10,0,0,9,0,6,0
13,0,15,15,0,1,0,11,12,9
0,0,1,0,0,8,2,4,0,0
13,19,0,12,17,0,0,0,14,1
0,1,11,10,4,7,3,11,11,8
11,10,12,11,15,12,10,14,10,13
41,41,41,38,37,39,40,42,40,39
18,14,17,17,18,17,17,18,16,18
17,18,17,18,17,18,17,17,17,18
17,15,18,17,2,16,17,15,16,18
18,1,17,17,17,17,17,16,18,15
84,79,84,79,83,83,79,79,84,81
76,76,76,75,76,80,75,67,76,72
79,73,81,78,81,82,78,81,81,80
56,58,57,61,61,61,59,59,57,60
74,81,74,81,81,77,83,78,85,80
79,79,79,82,79,80,83,81,77,83
81,83,81,81,85,78,86,82,79,83
48,38,40,47,44,40,43,44,39,45
46,42,48,50,47,38,41,0,0,42
50,58,51,45,46,47,46,51,58,47
56,49,0,52,54,51,53,1,56,52
49,52,52,52,53,47,0,48,51,47
37,41,40,42,38,40,35,1,37,36
37,39,40,44,40,35,36,36,31,40
17,17,16,18,19,17,17,18,13,15
17,18,19,17,18,16,18,18,19,18
16,16,17,15,17,16,16,17,16,17
75,69,75,76,73,76,76,73,68,76
17,16,19,18,16,13,17,19,16,18
18,16,17,15,15,15,12,18,13,16
17,18,18,16,16,18,15,15,17,17
36,36,40,27,32,37,41,29,35,30
42,51,46,50,50,53,53,46,47,48
0,8,9,6,7,4,12,7,11,9
54,48,44,41,50,52,52,49,54,52
61,68,66,62,62,62,67,67,67,64
45,36,41,34,45,34,37,42,47,42
34,40,33,40,37,40,35,34,34,38
20,29,21,34,32,2,20,25,36,31
28,0,31,30,37,23,34,36,17,4
1,31,16,0,27,32,23,28,27,25
19,0,15,24,19,19,20,18,26,17
52,44,49,25,1,46,43,1,38,1
38,1,45,6,29,50,38,0,47,45
14,6,5,5,0,1,4,1,17,1
1,1,1,3,0,1,1,0,1,0
0,2,1,0,0,0,0,1,0,5
1,2,2,2,1,0,1,1,0,1
0,6,11,1,16,2,10,1,1,15
0,0,5,1,2,0,1,1,1,1
1,5,26,1,1,16,0,0,13,22
0,0,1,0,1,1,1,1,1,1
35,1,33,30,30,27,29,25,1,1
38,40,41,39,42,38,38,44,39,42
28,1,41,1,40,37,40,1,38,29
46,41,46,47,38,36,47,51,44,43
16,5,25,38,0,28,33,34,0,32
0,35,33,30,35,29,34,1,0,25
17,35,1,32,38,36,33,2,0,32
48,21,2,48,51,56,1,3,61,2
61,58,0,47,52,57,58,43,58,58
39,42,40,41,41,44,47,43,42,45
61,68,63,63,2,58,58,0,64,61
61,55,61,59,61,61,55,67,60,60
56,61,63,57,58,64,65,61,51,62
57,63,63,63,55,59,66,57,65,60
90,88,87,92,91,84,89,90,93,1
94,91,1,95,90,95,91,93,92,94
51,37,38,43,44,45,42,50,38,40
27,26,25,25,26,24,27,23,26,26
45,50,65,57,60,54,53,48,56,53
90,92,90,94,90,92,89,85,90,89
90,91,90,88,91,89,89,88,90,83
5,8,8,10,11,13,13,10,9,9
24,24,24,24,25,24,24,23,24,22
34,35,34,31,36,37,41,34,34,36
17,19,0,24,21,19,22,20,22,20
6,7,7,4,3,2,4,6,5,3
7,6,9,13,7,6,11,9,9,8
12,9,14,12,13,12,9,13,13,8
9,15,14,11,11,13,16,14,11,14
13,8,10,9,11,13,10,11,9,12
12,18,16,17,16,20,18,14,16,17
20,17,22,22,21,23,25,25,16,17
12,16,13,15,18,17,17,17,15,16
5,9,4,9,8,6,9,4,5,5
11,9,16,14,8,14,11,12,14,13
26,20,32,28,19,27,28,23,29,28
0,16,12,17,17,8,14,13,20,19
9,15,9,15,12,12,16,12,13,12
20,11,19,19,20,18,15,18,21,17
40,34,36,1,0,37,30,32,37,38
20,27,20,17,25,21,24,2,18,28
1,24,18,28,22,20,24,36,18,26
51,47,65,57,58,58,57,57,59,60
69,70,67,71,68,70,69,72,69,67
59,58,63,56,56,42,48,56,61,65
70,74,74,0,70,72,73,78,71,82
57,52,48,51,51,51,55,0,1,1
57,1,55,52,61,56,60,59,53,55
58,57,57,51,54,49,59,52,60,0
85,86,86,74,87,78,79,82,85,78
89,91,92,90,89,91,85,91,91,95
72,73,72,73,70,72,71,71,70,72
96,94,94,92,91,95,94,93,91,95
95,92,93,91,94,95,93,95,94,93
94,92,95,92,91,95,93,94,92,95
94,94,95,94,94,95,95,96,96,92
51,55,58,58,60,58,56,61,62,53
55,59,53,0,64,62,58,53,54,52
70,71,69,75,72,73,73,75,75,70
25,21,28,26,27,25,26,26,27,25
20,19,20,25,24,24,21,26,25,22
30,29,29,32,29,21,29,28,18,34
47,47,52,53,51,0,61,52,46,48
13,13,16,21,13,16,12,20,13,14
6,5,3,4,3,5,3,5,0,3
32,0,25,32,39,30,38,1,32,30
31,34,33,31,31,29,37,32,32,29
1,24,33,32,29,30,30,28,22,25
12,23,12,16,17,20,15,15,14,16
16,12,12,13,13,17,14,14,14,19
31,31,28,30,31,28,25,31,25,32
25,28,28,31,24,30,30,33,26,30
36,38,34,37,37,38,34,36,38,37
60,51,57,62,58,62,67,63,62,64
38,36,37,35,36,36,37,36,36,35
32,36,33,31,35,37,34,35,33,35
27,27,29,27,30,26,23,28,27,1
13,73,69,70,71,2,72,1,68,1
0,1,56,0,3,0,1,1,1,1
34,1,34,37,1,34,33,1,1,1
1,79,82,1,1,82,79,80,80,77
1,78,78,80,80,75,80,79,2,81
84,84,84,84,84,83,84,84,84,84
70,56,75,1,69,1,70,69,73,72
45,50,47,49,46,45,45,46,49,46
19,22,0,29,28,0,0,1,25,1
1,57,54,54,59,60,57,57,59,56
51,46,42,49,42,51,48,49,48,46
47,44,46,43,46,53,52,43,44,42
0,44,37,38,43,0,40,42,41,42
49,49,54,52,49,45,52,49,47,49
55,55,53,52,50,52,54,1,56,53
4,1,1,7,4,0,4,1,3,0
22,0,0,1,22,10,1,5,2,8
1,4,1,1,1,5,1,1,3,1
14,17,31,33,3,8,19,18,6,12
0,1,3,2,1,2,1,2,1,1
3,16,2,7,1,1,0,4,0,1
2,6,1,9,1,11,11,13,1,14
14,16,15,16,16,16,16,14,16,15
11,10,10,8,10,8,8,9,0,1
14,14,14,2,3,12,10,1,15,14
0,10,12,1,12,14,9,1,1,10
0,9,3,3,13,15,14,1,14,13
13,13,12,6,1,13,2,12,2,6
8,6,11,8,10,7,5,7,7,2
15,14,16,15,15,14,14,16,15,13
12,12,11,12,13,12,11,12,8,9
12,10,12,13,12,12,13,12,14,10
13,12,15,12,15,12,14,13,12,15
11,8,12,12,12,11,10,12,12,11
12,13,11,12,16,10,13,11,9,12
10,4,0,7,6,6,0,12,7,8
8,9,6,8,8,9,8,10,12,12
13,20,10,14,12,8,8,16,12,16
4,2,7,10,4,4,10,5,1,4
1,29,34,0,28,34,32,28,25,36
16,17,0,23,26,20,12,12,9,19
0,11,6,13,8,7,14,9,12,14
25,26,28,28,2,27,28,25,22,27
25,24,29,28,26,25,29,27,27,31
48,50,50,51,53,49,47,50,49,50
14,18,16,22,17,18,18,23,16,14
27,29,27,28,27,26,26,30,28,27
28,30,30,29,27,27,29,25,30,25
0,32,26,29,30,29,30,26,24,28
1,1,7,0,4,8,2,0,10,1
4,0,3,6,9,9,4,0,4,0
10,3,1,1,1,2,2,9,1,1
3,1,49,1,49,0,61,3,1,39
0,7,7,6,1,6,3,9,8,7
0,2,0,6,2,8,2,7,2,0
8,10,9,8,10,9,10,10,8,9
76,78,76,78,1,75,76,77,73,77
73,74,76,73,78,75,72,70,71,75
10,10,10,10,10,10,10,10,10,10
75,77,76,79,76,77,78,74,76,75
78,78,79,79,79,77,79,79,78,78
38,2,68,59,1,0,4,0,3,53
77,77,78,78,76,78,79,75,77,79
71,71,72,68,68,68,73,69,71,70
22,18,41,0,0,7,2,1,25,0
71,69,75,74,73,75,71,72,75,67
1,50,52,49,49,0,53,50,52,51
68,70,71,69,68,71,71,69,65,74
66,71,70,71,73,69,73,70,75,74
64,71,66,72,67,64,70,71,71,65
54,53,52,52,49,51,53,49,0,51
22,2,19,21,1,0,23,1,29,15
1,28,43,1,48,46,43,1,1,60
0,10,2,1,17,23,1,5,2,14
4,1,1,14,1,1,27,5,24,21
0,32,39,1,6,28,34,2,14,34
35,0,0,4,0,29,5,2,22,12
33,1,32,33,33,31,32,32,33,32
32,33,33,33,33,32,32,32,33,33
29,24,27,25,28,22,26,26,27,27
10,9,10,10,10,10,10,10,10,10
33,33,32,33,33,32,33,33,32,31
33,32,31,30,33,32,33,30,32,32
33,33,32,33,33,33,33,32,33,33
3,5,6,5,5,5,6,5,6,5
10,9,9,10,9,10,10,10,10,10
19,17,21,20,21,21,21,21,22,21
5,6,7,6,6,6,3,8,6,9
7,7,9,8,8,7,8,8,8,8
7,6,6,5,6,5,7,4,7,9
3,6,5,5,9,3,5,6,8,7
18,15,15,18,16,16,0,18,17,18
17,17,17,15,15,17,15,16,18,13
19,17,18,20,17,19,15,20,19,18
51,56,1,52,61,52,50,49,51,54
18,17,17,20,20,20,21,16,18,17
1,19,1,19,14,20,16,1,17,20
18,16,15,18,18,20,12,19,15,18
60,53,57,61,1,56,65,61,56,62
50,0,49,52,0,52,1,48,1,51
17,1,19,13,18,14,15,20,19,19
48,46,48,54,55,53,0,53,53,51
0,49,37,52,50,48,52,1,57,49
51,59,0,55,55,53,55,48,55,56
56,61,47,51,47,1,50,46,41,59
59,62,64,1,62,63,63,65,2,64
57,53,58,52,63,58,55,56,54,49
44,36,37,0,38,39,42,0,34,37
21,19,17,19,16,16,21,21,18,19
44,42,4,52,52,1,46,50,54,1
43,46,36,37,1,45,41,39,37,44
57,1,58,49,55,51,61,2,2,1
7,2,0,7,9,5,8,7,6,4
18,19,17,20,16,17,18,16,18,19
19,17,14,0,11,16,12,11,10,12
3,2,1,3,5,2,1,4,2,4
1,11,7,3,0,0,0,1,4,8
5,8,4,3,9,5,5,4,5,3
5,10,3,3,3,1,2,3,5,5
33,31,31,27,31,31,31,30,30,28
26,31,30,28,34,31,33,1,33,31
29,32,34,38,36,37,35,35,38,33
32,31,25,22,28,31,27,29,27,29
27,27,34,29,31,29,34,32,29,33
21,25,25,23,26,22,23,26,31,24
0,24,30,29,31,33,0,35,1,32
34,35,32,30,37,35,36,33,33,34
23,20,29,22,18,22,26,24,23,20
36,32,32,35,33,32,32,36,33,37
31,38,36,35,38,35,35,0,38,35
0,29,38,35,34,33,35,35,36,0
37,34,33,30,33,36,33,35,36,0
34,33,37,32,33,32,28,34,34,39
4,47,59,56,38,50,48,50,53,57
69,71,66,64,67,65,68,63,68,58
57,65,49,50,61,60,52,57,47,0
2,52,54,44,36,0,49,42,41,50
0,42,43,31,1,42,47,37,33,2
61,57,56,65,48,0,1,63,59,1
36,0,48,44,38,43,37,39,39,49
68,1,1,65,65,68,68,65,71,63
80,80,83,78,81,84,79,79,84,85
89,85,85,86,88,86,86,86,87,86
87,86,87,89,85,88,89,88,88,83
57,68,67,72,66,66,61,68,70,72
82,86,88,84,84,85,86,84,86,85
87,86,82,81,86,83,85,84,82,86
2,0,0,0,3,0,1,1,0,1
9,7,1,9,5,1,0,1,0,0
0,1,1,0,0,0,0,0,2,2
0,1,1,0,0,0,1,0,0,0
1,1,0,4,0,1,0,1,1,0
1,0,1,1,0,0,0,0,0,0
6,0,1,0,2,6,0,7,5,1
40,42,1,34,2,0,1,1,1,52
59,62,66,60,71,59,57,61,56,63
12,11,11,11,11,11,13,8,11,11
68,65,70,66,66,65,66,67,65,69
63,70,72,70,69,66,73,64,68,72
65,0,57,53,48,60,56,57,0,48
71,73,75,74,68,72,69,1,70,66
47,55,52,49,52,53,53,49,47,48
49,51,41,48,47,43,47,1,1,50
57,55,55,55,52,54,57,54,55,55
30,32,28,33,32,31,32,33,31,28
25,30,20,26,23,28,22,33,0,24
52,50,53,48,54,50,50,54,51,55
45,42,1,45,40,42,39,40,42,40
18,11,24,20,19,22,22,17,15,13
10,13,2,6,1,2,1,5,0,10
8,21,2,23,1,4,1,18,15,1
0,16,5,22,8,0,1,1,20,25
2,7,10,5,1,1,12,0,6,11
17,21,17,18,17,16,22,20,22,12
11,5,8,12,5,7,12,0,2,14
18,14,22,17,16,20,15,23,18,20
14,15,21,21,23,18,22,20,21,18
21,27,26,23,24,27,26,26,27,27
3,8,4,5,6,8,8,7,5,9
18,14,10,10,15,14,9,11,10,11
20,17,21,20,22,23,16,20,25,23
21,19,16,16,19,19,20,17,18,25
6,6,5,8,9,8,4,8,6,9
6,8,6,4,6,3,5,3,3,3
20,14,17,17,20,15,17,18,15,22
9,11,11,12,8,10,8,7,10,11
5,6,6,5,6,7,8,5,3,2
8,7,5,6,9,6,9,7,6,6
5,7,10,4,6,8,9,4,6,9
68,1,67,69,66,67,60,72,65,72
70,74,68,71,77,64,62,69,70,73
14,0,21,20,19,23,21,20,26,23
51,49,46,52,42,51,50,51,50,53
76,66,1,76,73,71,73,70,70,68
69,68,1,66,66,67,63,66,71,73
71,58,77,72,72,0,70,70,63,68
35,41,45,40,41,42,41,47,43,42
56,59,54,58,58,58,52,57,56,59
58,63,64,61,56,62,61,54,60,57
19,23,23,20,19,20,15,25,26,21
42,48,41,0,47,41,43,40,41,43
39,0,37,44,38,31,36,36,37,40
42,37,45,43,44,41,43,44,47,45
28,0,0,34,36,42,1,39,27,8
47,48,22,51,1,51,49,0,51,0
1,0,1,56,31,39,40,1,37,1
14,16,18,1,0,15,15,1,13,0
1,29,1,43,26,1,41,33,27,1
26,31,28,17,22,1,32,24,23,26
61,62,62,60,59,60,60,64,64,59
13,18,17,13,17,19,18,17,16,15
15,10,14,12,18,15,8,7,15,17
39,51,45,46,48,42,39,38,52,52
16,18,21,17,17,13,16,18,14,17
23,23,23,25,24,22,24,24,24,25
13,15,9,11,15,1,11,15,13,14
16,17,14,17,18,17,21,14,18,16
25,24,25,25,25,25,25,24,25,25
25,22,23,25,25,24,25,25,25,1
14,17,12,14,22,16,14,19,17,18
67,70,68,70,70,70,69,69,70,68
25,25,24,25,23,25,25,24,24,25
25,25,25,25,25,25,25,25,25,25
25,25,25,25,25,25,23,25,25,24
62,59,63,60,58,58,57,59,57,59
67,61,64,65,67,61,63,61,62,61
18,18,16,13,17,0,17,13,20,18
0,47,47,50,0,50,44,48,45,49
43,42,38,41,46,40,40,39,35,36
52,50,0,55,1,54,50,0,52,52
50,51,44,49,48,40,50,51,54,43
73,75,76,78,80,73,74,72,74,76
74,77,76,78,71,67,73,70,71,75
84,86,85,85,84,81,85,83,80,79
76,70,71,79,74,73,77,79,71,77
80,84,79,81,79,83,84,85,84,81
80,82,79,82,79,83,80,82,81,78
66,64,55,66,57,67,64,65,71,64
1,64,55,1,60,48,42,62,55,66
1,52,62,54,0,48,62,51,59,4
0,53,2,48,64,42,64,40,52,60
1,72,70,73,5,78,70,74,2,72
78,72,69,73,74,72,66,69,0,73
82,81,86,83,83,84,82,83,85,79
48,1,52,58,0,46,59,63,55,49
0,1,0,19,0,1,0,1,3,5
1,1,1,0,1,1,0,1,1,1
0,16,18,1,1,1,9,3,5,1
1,1,2,1,1,9,3,15,1,32
32,3,32,2,30,27,1,26,22,34
2,1,12,4,1,29,36,2,1,32
39,33,42,37,38,35,1,34,2,41
44,44,2,42,42,38,44,44,1,45
24,10,36,35,0,28,1,32,1,39
23,42,30,28,0,42,13,3,2,1
38,1,36,1,1,1,33,1,2,39
1,2,25,5,33,1,31,1,2,43
27,2,1,1,27,1,1,16,1,1
39,1,39,1,1,35,25,38,28,37
1,77,63,63,61,0,57,62,68,66
84,86,81,87,84,81,85,86,0,85
90,74,87,70,81,82,1,79,75,88
20,22,24,21,21,23,18,21,1,0
0,65,62,62,69,1,0,0,67,63
64,72,0,0,67,61,68,60,70,1
0,63,68,0,1,67,77,0,74,71
16,2,24,4,15,21,26,27,22,22
20,27,26,28,29,28,27,26,26,26
91,92,94,94,91,93,96,96,92,92
30,29,30,29,27,30,29,29,28,27
29,29,27,29,30,30,28,29,29,28
29,28,30,28,27,28,30,27,28,29
30,29,28,28,30,27,27,26,30,30
52,50,50,52,49,51,52,52,50,51
44,46,1,46,1,49,2,42,48,47
39,42,41,41,45,41,39,38,41,42
73,71,74,72,74,74,74,72,72,74
51,51,50,52,52,52,51,52,50,49
52,52,51,51,49,50,52,51,52,50
1,1,46,46,50,48,47,52,44,45
47,0,40,50,43,49,38,47,43,47
1,1,1,3,2,29,4,22,7,7
13,6,1,1,1,2,0,2,1,1
1,0,0,0,0,19,1,24,0,0
33,0,5,2,13,1,1,20,0,17
59,55,61,58,56,58,57,54,61,60
6,0,1,1,22,0,1,2,0,1
58,60,64,61,59,62,60,64,61,63
53,57,52,54,54,54,56,55,46,58
73,71,66,70,70,0,72,71,69,72
76,78,75,78,85,79,80,75,82,73
21,20,29,14,29,23,19,29,17,18
63,60,63,59,63,58,57,61,62,59
51,54,57,56,56,50,56,54,53,56
73,80,78,80,74,78,85,84,77,73
22,0,41,25,32,33,29,37,28,27
56,57,59,57,62,58,63,60,61,56
77,71,75,74,0,75,79,76,78,79
76,75,61,71,73,70,66,68,65,70
73,80,85,77,76,74,79,78,82,80
76,80,78,73,78,74,72,71,74,71
13,19,19,21,16,15,17,18,16,1
9,4,2,14,13,1,1,4,15,2
21,24,25,23,20,23,26,24,25,24
31,36,33,31,0,30,29,1,28,39
21,25,20,17,20,22,17,22,25,17
23,21,22,21,23,21,17,18,21,21
20,18,1,14,17,18,21,19,18,19
51,52,51,51,52,51,53,49,51,51
40,39,36,37,2,26,31,34,40,31
1,3,24,22,6,25,24,17,23,25
35,1,1,43,45,38,42,35,2,38
37,33,37,37,1,3,42,35,37,42
33,31,1,20,23,1,22,1,23,36
36,42,46,49,42,39,44,47,44,2
12,20,13,13,18,14,13,13,20,11
22,20,20,16,18,14,18,18,16,12
1,25,24,18,26,19,26,23,22,21
29,29,34,25,31,28,28,33,30,29
0,1,16,25,16,16,0,15,17,19
20,22,26,22,15,24,26,0,0,20
19,19,0,14,1,21,19,17,17,19
66,73,68,63,68,65,70,70,64,67
74,73,67,69,65,75,69,72,71,69
38,38,38,38,37,39,37,35,38,38
74,74,76,75,76,74,70,76,80,73
63,61,74,76,66,70,67,70,63,68
78,74,71,0,76,71,71,75,73,70
76,79,74,74,78,76,80,78,78,76
84,79,83,83,81,85,84,81,81,80
67,71,71,79,71,78,70,75,74,71
86,84,87,84,84,84,87,86,84,86
40,40,41,40,40,37,40,40,40,40
82,84,80,82,84,82,81,82,82,83
82,76,73,80,79,79,81,80,85,81
81,84,82,80,78,79,83,82,80,82
39,40,41,39,40,39,40,41,41,42
34,32,38,34,32,33,35,32,1,36
67,76,78,79,76,3,76,77,76,73
29,38,33,35,1,41,36,2,31,34
30,34,2,1,14,1,29,29,1,28
34,39,37,40,39,36,35,34,38,37
36,38,37,35,37,1,34,37,35,34
14,16,12,13,14,13,16,13,12,13
12,13,17,14,12,15,14,10,13,14
16,17,14,14,15,14,15,17,16,15
17,11,13,13,8,0,14,12,15,12
15,16,17,15,12,17,15,16,16,16
4,9,6,9,3,11,4,7,9,10
13,14,12,16,15,11,11,11,10,11
2,12,1,1,18,13,16,16,14,17
18,15,16,19,16,18,15,16,19,15
19,19,19,18,18,19,16,18,18,18
6,13,9,8,12,7,9,6,12,13
15,14,18,15,17,0,16,17,17,16
17,17,17,19,17,18,19,17,18,18
18,17,1,17,15,19,17,19,16,18
4,3,1,1,1,1,2,1,3,1
4,22,37,1,48,40,53,29,37,34
0,1,0,0,0,0,0,0,0,1
2,1,12,6,2,1,1,1,6,1
22,2,6,1,1,2,8,18,1,3
1,4,3,1,1,1,1,0,1,1
1,2,1,44,3,42,44,41,3,49
34,26,23,29,2,21,31,30,23,28
57,64,64,63,60,62,60,58,62,61
41,41,41,48,42,43,46,35,35,40
48,50,47,50,49,47,49,46,47,49
23,38,31,24,36,31,30,31,33,31
23,25,0,21,0,0,0,20,32,17
42,48,0,0,38,40,44,42,38,46
0,0,7,0,0,2,0,1,0,0
55,58,60,62,54,62,57,59,62,52
2,0,1,4,1,0,0,0,2,0
9,1,0,1,1,2,8,0,3,4
15,1,2,0,15,14,0,4,17,12
0,5,5,1,12,0,8,4,0,1
0,0,0,0,0,2,0,0,2,0
1,0,4,0,1,1,0,0,1,0
30,0,26,28,28,22,2,27,26,1
56,57,60,57,65,56,59,61,59,60
28,31,1,0,2,0,27,28,1,25
28,24,0,22,26,26,1,26,26,23
32,32,28,30,33,30,27,28,27,1
23,27,23,21,31,22,23,26,26,26
26,29,32,31,29,28,26,31,32,31
33,31,27,31,26,31,30,33,31,31
32,27,30,29,32,31,30,31,29,31
76,68,77,72,70,72,74,67,73,72
20,22,20,22,24,27,25,24,22,21
30,35,29,30,31,31,31,30,30,29
30,31,26,27,30,33,26,29,30,34
57,66,53,59,56,57,62,65,63,58
54,59,58,59,56,64,57,61,54,56
26,30,23,23,22,24,26,26,26,31
76,74,76,76,77,72,74,74,75,73
56,57,62,62,52,55,58,58,51,51
57,65,59,58,56,61,67,57,62,60
60,59,59,55,60,53,64,64,62,68
47,52,51,55,50,48,55,52,50,53
49,53,54,50,52,54,53,46,51,49
57,57,56,56,57,57,57,57,56,55
55,60,53,56,55,56,55,54,55,55
54,51,51,54,49,51,51,51,51,48
48,53,49,52,51,54,52,54,53,52
49,56,49,54,49,52,54,50,51,49
60,59,59,60,60,60,59,60,60,60
53,53,53,52,51,50,51,54,54,54
57,57,57,57,56,57,57,57,57,56
60,60,59,58,60,60,60,60,60,60
60,58,59,59,60,60,60,60,60,59
60,60,59,60,60,60,60,60,59,60
59,59,60,60,60,59,60,60,60,59
11,11,11,0,1,11,12,12,11,12
12,11,10,12,1,12,11,3,3,11
12,7,11,9,10,0,11,11,9,12
14,12,13,13,1,14,14,15,14,15
11,1,9,8,12,1,9,12,9,12
1,12,7,11,6,12,12,10,12,12
11,12,9,12,1,11,1,7,12,3
1,12,1,10,6,4,13,1,9,10
10,2,1,7,1,9,1,1,1,10
6,7,0,1,2,7,1,1,8,0
11,12,11,10,9,9,10,14,11,11
9,9,1,2,2,13,11,6,8,7
0,0,6,8,9,9,12,1,5,1
2,0,0,9,0,1,10,1,1,7
19,20,0,22,7,18,20,18,20,17
29,28,19,23,22,27,29,24,22,16
27,30,30,2,4,25,2,40,31,33
21,26,0,31,14,21,31,34,0,21
15,22,16,0,29,23,18,7,22,26
20,6,13,9,14,18,14,9,11,21
29,29,29,36,26,30,31,22,31,0
39,45,45,45,44,41,52,52,49,43
26,31,19,22,21,30,22,25,23,21
29,30,31,29,24,30,34,26,33,30
50,47,50,54,54,40,53,43,58,56
64,63,65,62,63,60,60,60,63,63
51,42,1,49,42,35,34,40,51,30
50,46,47,45,44,46,43,44,54,42
86,87,90,84,89,89,85,87,89,85
2,60,55,54,1,64,60,71,61,66
81,82,81,78,80,80,82,83,80,76
25,25,25,26,25,26,24,25,26,26
87,88,87,90,89,88,89,91,85,90
86,86,90,90,89,85,90,91,87,89
86,87,89,89,87,91,90,89,87,90
26,25,22,25,24,23,24,24,25,24
20,6,23,23,23,16,22,23,21,17
65,55,54,0,63,1,58,52,58,0
23,15,15,17,16,1,23,1,13,13
1,1,15,18,18,0,12,15,14,13
17,14,0,12,17,15,8,0,14,16
7,17,1,19,19,21,23,18,16,1
2,5,6,2,3,0,5,7,0,6
2,1,5,2,4,2,5,2,10,4
3,5,4,7,6,3,6,10,4,4
6,5,7,6,4,12,9,10,4,8
7,4,10,7,10,9,2,7,8,2
10,15,8,8,9,15,13,12,8,11
4,0,4,3,4,1,4,3,3,4
0,38,43,41,41,36,41,46,0,41
32,32,38,38,37,34,33,33,36,34
21,20,18,19,21,18,22,20,21,20
34,34,38,33,33,35,42,37,32,37
15,20,23,25,17,17,19,14,12,24
41,42,40,39,40,43,42,41,46,38
42,41,40,39,41,42,39,36,43,39
47,50,3,47,43,34,0,47,0,1
48,50,51,1,1,46,53,46,51,45
45,42,1,40,1,34,46,47,50,46
64,0,56,1,2,56,67,63,56,72
51,50,46,54,50,57,1,38,1,48
49,47,48,1,48,49,40,45,51,42
40,0,33,1,2,38,38,42,31,34
35,44,52,49,53,40,51,39,1,1
52,40,48,46,51,0,59,49,55,44
36,38,37,38,41,39,45,36,30,40
68,1,73,75,73,75,76,76,70,72
0,77,77,74,0,0,73,79,1,73
64,47,60,59,48,60,51,47,58,53
50,51,50,46,51,52,52,48,1,55
1,21,19,18,18,20,18,17,1,0
26,26,23,21,26,26,26,24,20,21
22,23,26,26,26,25,21,22,26,22
57,58,57,60,57,55,49,2,57,59
25,21,18,25,24,25,1,19,0,1
20,14,12,14,10,1,14,16,13,15
9,13,1,14,17,10,17,7,3,14
37,36,1,44,15,15,30,0,0,51
60,51,1,46,44,47,52,44,54,45
25,0,25,18,22,26,20,22,22,28
46,55,38,46,46,39,1,2,0,43
54,60,58,2,1,59,56,1,51,61
68,71,68,67,68,68,62,63,65,64
65,0,59,60,58,46,63,60,60,61
62,61,60,63,62,66,67,62,66,62
51,49,50,50,44,44,54,51,47,46
35,30,29,33,36,34,39,37,39,40
26,26,28,30,28,28,29,30,27,29
74,73,73,74,74,74,74,74,74,71
63,54,61,58,56,57,53,57,58,55
59,64,63,63,65,58,55,62,63,58
30,30,26,27,29,27,26,28,26,27
19,12,22,22,27,1,29,2,21,13
34,0,47,0,50,43,1,31,50,36
8,5,6,12,8,10,14,1,3,8
11,8,15,18,0,23,17,14,13,15
23,16,18,20,24,14,1,20,26,17
12,17,10,16,20,1,18,1,22,20
46,44,47,46,43,47,42,46,47,47
43,45,42,43,47,45,45,46,45,47
41,46,44,48,43,43,42,42,43,44
47,47,46,45,46,46,48,49,50,48
48,46,41,44,41,46,42,45,42,42
45,42,44,48,47,47,44,43,46,45
50,46,48,47,47,46,46,47,47,41
34,28,41,29,28,34,27,36,31,32
42,49,44,45,44,46,45,42,41,44
25,29,33,28,27,28,32,29,31,28
45,44,40,46,47,42,43,46,45,46
37,32,35,36,31,33,37,36,41,34
26,27,29,33,26,33,23,28,23,24
23,19,28,26,24,31,29,32,31,31
1,80,85,84,82,83,1,77,82,86
23,66,2,61,70,1,66,57,65,70
68,81,73,83,74,64,80,70,75,76
88,86,84,85,84,87,90,79,88,1
78,78,79,74,74,2,76,2,2,1
76,58,77,1,73,78,77,75,72,83
87,87,87,88,89,88,90,84,86,85
85,88,80,91,80,1,0,86,90,89
68,84,71,74,72,77,80,79,77,76
68,75,67,69,65,68,68,66,72,74
63,67,59,57,61,66,67,1,1,0
56,1,58,67,75,1,67,60,2,55
2,62,1,44,46,59,60,69,4,0
59,76,79,48,0,71,79,73,3,75
29,35,30,23,28,23,32,26,34,0
33,33,31,35,31,33,35,29,36,27
34,45,0,29,35,37,1,34,42,36
16,20,17,17,13,16,22,24,18,19
23,28,1,26,26,36,31,24,29,32
41,33,2,0,35,39,28,38,29,0
31,30,25,37,26,1,29,21,33,32
28,30,29,28,33,34,28,0,24,35
29,34,31,35,37,35,35,33,34,31
57,48,52,52,52,53,52,51,53,53
36,38,36,38,0,38,33,36,39,39
32,27,29,28,26,29,21,29,31,30
34,35,37,34,31,35,34,33,38,32
35,34,36,39,38,33,33,37,36,35
17,15,16,16,16,16,17,16,17,18
17,17,15,17,16,15,18,16,16,17
18,17,17,18,18,18,18,16,17,16
84,82,82,83,85,82,82,84,81,85
18,18,18,17,17,18,16,16,18,16
17,18,16,18,15,18,17,17,15,17
17,16,18,18,16,16,18,18,17,15
85,87,83,86,88,86,82,85,83,84
75,79,77,81,83,79,68,73,1,78
16,16,15,16,17,12,17,18,18,17
82,82,79,84,80,79,76,79,80,86
76,80,84,81,75,82,80,79,78,82
78,83,79,80,86,82,74,77,81,77
82,83,80,79,82,84,2,79,78,82
71,52,64,67,64,56,56,63,67,63
71,60,65,63,61,59,59,57,67,65
83,80,83,83,83,82,79,83,83,83
46,50,45,45,41,48,51,47,50,51
77,70,76,72,75,75,75,67,74,73
41,29,37,35,38,36,31,32,31,29
68,61,69,62,64,61,55,61,64,63
65,63,63,63,62,64,63,64,63,64
45,53,57,52,53,52,46,54,54,45
82,81,81,85,86,80,81,84,84,84
39,44,44,41,49,41,45,40,45,46
64,63,66,65,65,65,64,65,65,62
64,64,66,64,63,64,65,60,63,63
66,64,63,65,62,65,60,65,63,65
8,1,1,1,1,3,1,1,1,1
1,7,11,19,1,2,1,4,0,0
1,1,0,0,1,0,0,0,0,0
1,4,3,4,3,1,6,2,1,9
6,3,0,0,0,10,2,3,5,0
1,1,1,1,0,3,1,1,1,0
1,24,14,18,24,14,11,1,2,13
9,8,5,9,7,8,3,13,13,12
14,12,1,0,3,14,8,7,1,13
1,18,1,13,0,21,16,19,19,17
0,4,1,1,3,2,7,0,1,3
5,4,0,1,6,5,1,4,8,0
3,4,6,0,2,4,0,1,0,1
3,0,9,7,2,10,3,3,10,8
50,54,40,44,50,39,48,48,37,1
66,68,61,68,65,64,66,68,66,64
58,47,65,2,55,58,42,47,51,54
18,20,20,0,13,16,20,14,1,20
51,2,50,48,1,40,42,49,41,45
0,44,0,47,45,44,57,44,0,54
35,3,1,36,32,38,2,0,35,47
19,1,13,1,27,26,8,1,0,6
24,25,23,22,25,26,24,23,25,22
75,74,76,72,71,73,74,72,76,72
27,27,28,27,27,27,29,29,29,27
28,26,27,26,28,26,27,28,26,27
29,27,28,28,27,29,27,26,27,29
27,28,27,26,28,29,27,27,27,28
30,29,30,29,30,31,30,31,31,29
30,31,32,32,32,32,32,32,32,30
27,28,26,27,28,27,27,22,26,26
71,71,70,68,73,70,71,72,70,72
23,23,25,26,27,26,24,25,25,22
1,32,32,30,29,31,29,1,30,31
32,32,31,30,30,32,31,30,30,32
24,29,25,26,25,25,33,28,27,29
43,47,46,49,43,46,46,47,38,52
13,15,10,9,12,12,15,9,13,14
66,68,65,65,61,64,69,63,69,65
41,46,40,44,42,41,47,34,42,50
24,23,28,28,25,20,26,32,22,30
30,24,26,30,39,26,24,31,22,32
12,12,18,12,18,15,17,16,14,17
2,9,6,9,0,7,2,7,0,0
17,18,19,18,11,12,19,16,16,12
15,15,15,15,18,14,14,13,11,11
20,27,0,35,35,30,30,28,19,34
23,32,0,28,37,26,27,33,27,0
23,19,25,24,20,17,24,20,22,10
52,56,73,56,62,66,60,68,59,57
50,43,0,51,53,47,54,44,49,1
50,60,61,57,63,54,44,48,50,59
38,39,35,40,34,29,32,32,32,39
39,25,32,30,27,29,37,30,35,0
27,1,12,1,2,1,0,24,0,16
54,50,43,50,62,54,58,53,59,57
47,49,46,49,51,46,52,49,50,50
52,50,48,52,47,52,53,51,54,53
48,50,48,46,44,48,49,44,44,48
45,46,48,44,43,1,38,43,42,46
0,45,48,47,50,46,49,49,39,39
48,45,52,42,44,46,44,1,45,44
32,47,40,43,47,43,33,39,40,1
15,28,22,5,24,0,32,1,2,4
40,40,36,44,37,42,39,43,46,43
44,46,50,46,43,1,47,43,41,43
46,0,45,45,41,40,46,45,47,0
50,46,43,46,46,49,0,48,37,49
49,49,50,49,47,49,47,50,49,50
1,0,44,2,40,42,44,45,40,44
18,18,18,19,19,18,18,17,19,18
12,13,0,14,7,6,15,9,12,14
12,11,13,12,14,11,13,12,15,12
77,73,79,76,78,74,74,72,73,70
12,15,14,14,12,16,12,15,12,13
16,17,15,17,18,17,14,0,16,14
12,6,13,9,13,2,13,1,12,14
15,14,16,16,0,12,12,0,17,14
0,15,0,1,12,13,9,16,18,9
3,0,0,3,1,2,1,0,0,1
0,0,4,3,1,0,1,0,0,2
6,15,2,2,0,10,10,9,0,7
16,15,15,15,1,0,15,20,19,0
8,1,1,3,0,5,1,0,0,0
31,30,23,31,30,25,31,29,44,36
33,33,27,22,24,27,34,26,34,32
26,25,22,21,19,27,31,26,26,22
19,23,23,19,21,18,16,20,24,19
53,46,47,57,53,51,47,52,56,53
63,64,60,64,63,63,64,63,63,63
21,36,31,38,31,34,26,29,37,32
37,37,39,37,37,39,35,37,37,38
40,39,35,36,36,40,36,38,39,38
57,57,62,57,59,61,61,58,55,59
37,37,36,38,37,39,38,36,38,37
27,25,27,23,26,24,29,28,25,26
35,37,35,34,36,35,37,35,35,32
36,37,36,33,33,38,36,36,38,36
36,41,1,33,38,34,1,36,37,34
28,32,0,26,34,1,32,17,30,0
36,42,40,41,41,38,39,42,39,40
15,0,12,13,16,15,16,14,13,17
36,34,31,0,37,39,33,35,0,37
1,1,0,32,28,27,1,32,2,30
41,39,38,39,39,39,40,41,37,37
16,14,17,16,17,16,16,15,17,16
14,17,15,17,16,15,14,13,1,14
40,37,40,35,40,42,41,40,43,37
17,16,16,17,16,14,16,15,16,15
17,16,16,16,16,14,16,14,16,17
1,1,10,10,10,12,14,1,1,2
16,17,15,16,16,14,16,17,14,15
79,76,83,82,71,77,82,1,83,1
89,88,89,89,89,89,89,88,89,88
64,59,69,68,65,62,62,66,62,57
55,56,56,54,57,1,56,57,58,58
75,71,81,86,74,83,81,77,78,84
73,70,72,66,76,1,73,69,75,70
1,67,65,3,74,65,68,66,3,73
24,26,27,29,23,26,25,18,0,24
48,58,52,56,56,53,56,54,51,52
43,32,36,42,40,30,35,37,45,35
27,24,32,36,33,30,28,28,30,31
54,53,47,51,55,57,60,53,53,54
22,33,25,24,29,26,27,33,28,37
23,33,22,34,29,27,32,31,22,32
12,0,12,9,8,0,2,4,13,10
1,9,10,2,8,9,0,4,5,8
12,13,6,9,9,0,7,15,0,9
25,13,26,16,23,12,15,15,0,19
17,11,18,14,6,16,23,16,14,18
3,4,4,4,4,0,3,5,0,8
5,9,1,8,5,11,7,9,1,1
0,14,28,24,25,1,1,0,23,33
0,25,0,0,26,11,23,24,2,24
8,13,14,0,11,1,0,0,0,15
0,11,8,0,7,10,1,0,7,1
4,37,22,0,0,30,13,4,0,39
24,36,30,22,0,36,22,27,31,26
31,19,30,1,0,32,25,27,1,17
62,62,1,50,43,0,49,57,51,1
2,43,1,0,36,1,53,5,0,1
53,2,41,0,4,2,1,63,0,44
12,2,16,25,17,6,29,22,0,22
1,65,64,1,1,62,55,67,66,61
61,53,70,67,1,64,71,55,59,0
76,77,79,76,74,77,76,73,80,0
34,33,33,32,31,31,33,34,33,34
30,34,33,33,35,31,30,33,33,35
77,78,75,73,77,75,75,77,74,76
31,31,33,31,33,33,32,31,29,33
34,32,28,33,35,32,30,33,32,32
32,27,24,14,23,28,27,1,26,29
33,33,33,32,32,32,34,29,31,33
15,12,15,13,15,15,13,13,13,12
9,9,1,12,0,9,12,8,0,12
14,15,13,15,15,14,15,14,15,15
10,9,8,10,12,10,10,10,11,11
12,10,13,11,13,12,12,11,12,14
14,12,13,14,12,14,14,12,14,13
15,13,14,13,13,13,12,11,13,12
12,12,12,10,12,12,12,11,12,11
9,9,9,10,7,10,8,10,9,10
15,15,15,15,15,12,15,13,13,14
12,9,10,11,11,0,9,10,10,12
11,9,10,10,10,10,7,1,11,11
12,10,10,11,12,12,12,11,1,11
11,11,12,12,11,11,11,8,11,11
57,59,59,55,59,58,59,51,53,53
59,57,60,59,59,59,59,58,57,58
48,50,52,45,44,48,51,50,46,45
54,56,50,1,54,52,54,50,53,53
55,57,55,59,55,53,53,54,53,58
55,54,55,56,59,57,56,56,56,58
1,46,54,38,47,53,53,40,46,1
41,36,29,0,40,42,0,41,37,1
53,53,54,52,53,56,52,55,54,52
45,45,46,46,45,0,0,51,44,53
44,48,49,46,48,45,51,43,47,0
45,44,39,45,44,40,49,44,42,46
49,51,54,54,50,51,46,54,52,49
48,48,46,47,49,49,48,45,50,50
64,0,70,63,2,60,64,1,0,70
70,71,71,74,77,60,69,71,68,68
85,77,86,85,1,81,81,84,83,85
16,17,15,18,17,1,17,17,17,17
56,54,54,53,56,54,55,1,51,57
66,62,75,74,60,75,72,81,71,1
2,42,0,0,0,2,1,13,0,0
2,6,1,2,3,1,2,1,1,1
4,1,2,0,1,0,7,0,1,13
2,5,1,3,2,9,3,2,5,7
4,5,1,1,2,1,4,1,9,2
20,1,1,18,16,12,19,16,16,1
23,23,23,22,22,22,23,21,23,22
1,1,4,1,6,2,1,3,2,5
47,46,48,49,49,47,47,49,1,47
49,49,48,47,48,48,49,48,1,48
45,41,43,41,43,41,42,44,44,45
67,66,68,66,67,66,67,68,67,66
45,46,2,46,48,45,45,47,46,1
47,48,46,48,48,49,47,47,48,47
47,48,48,48,47,47,48,49,49,49
59,60,61,62,60,64,61,64,65,60
67,69,66,69,69,69,68,69,68,66
48,44,43,46,46,49,46,44,46,45
61,54,59,58,60,60,65,63,61,59
64,61,64,63,60,62,64,67,63,54
59,56,59,64,64,62,59,58,58,61
65,64,64,62,65,63,61,60,63,62
59,51,55,55,59,55,58,60,57,57
0,49,45,46,43,0,46,48,42,42
56,56,59,62,56,58,56,58,56,53
70,64,71,70,72,68,69,68,63,70
0,56,52,55,54,53,0,56,53,51
43,53,55,47,42,54,38,45,42,45
1,60,61,60,61,56,58,55,59,57
63,76,65,68,74,67,70,74,69,69
61,58,57,59,58,64,62,64,0,57
50,56,51,1,50,47,48,49,51,45
66,55,59,0,43,48,46,58,59,63
64,66,56,58,65,64,69,62,72,54
56,52,59,0,58,57,51,56,64,54
64,64,64,1,64,60,60,61,58,62
7,0,17,12,14,1,0,11,1,8
13,13,15,17,16,15,16,15,20,14
4,10,1,0,8,16,16,16,16,13
22,1,25,2,15,22,29,21,22,22
2,20,1,13,21,17,15,19,20,17
21,16,16,0,1,20,6,3,3,20
6,16,1,8,8,9,8,9,9,7
5,14,9,1,38,31,1,0,0,1
44,41,39,43,42,44,42,42,43,1
26,26,25,26,25,24,23,25,2,24
38,40,37,33,38,36,32,35,38,39
39,44,38,37,41,40,41,38,39,37
44,44,44,44,46,44,46,43,44,44
43,42,41,43,41,44,44,40,42,40
21,16,11,23,21,19,23,19,23,8
23,25,25,18,19,36,23,25,26,34
42,39,33,44,1,39,1,1,43,53
0,3,4,0,0,3,3,7,5,3
15,0,4,0,17,13,18,21,20,0
0,8,1,20,17,16,15,16,17,13
17,24,15,17,17,24,25,0,24,19
5,8,3,6,13,12,7,10,2,1
4,4,8,6,6,2,6,5,7,6
59,60,59,63,60,55,63,63,60,58
11,12,14,13,13,12,14,13,12,10
14,13,14,12,13,12,11,14,13,13
10,11,14,13,12,10,13,14,12,12
12,12,14,12,13,13,13,14,12,13
16,21,17,1,16,18,19,16,18,16
9,9,12,8,0,14,7,1,0,7
10,9,13,11,14,8,10,14,12,10
49,50,48,47,49,44,44,44,45,43
17,16,17,0,19,16,17,18,14,18
18,17,18,15,18,18,16,19,18,18
16,20,17,19,20,18,18,18,17,19
32,2,34,35,35,31,30,37,40,26
25,35,31,17,38,4,0,32,34,5
1,7,1,8,1,10,6,0,10,1
0,26,18,12,22,2,16,0,16,26
0,27,1,1,16,5,0,1,28,2
9,1,16,4,0,7,14,1,17,1
28,3,0,0,22,19,20,19,2,13
69,76,72,72,69,0,75,72,80,74
71,73,69,69,76,76,74,66,0,74
75,73,76,67,79,72,72,72,70,72
65,56,69,63,66,58,65,64,71,68
79,75,71,72,75,76,80,82,76,69
70,71,69,65,72,70,71,77,71,66
0,0,2,0,1,9,48,1,29,0
50,60,59,56,55,61,62,1,64,63
54,59,2,61,54,3,48,48,53,1
56,0,63,69,0,68,66,60,53,66
0,30,26,1,28,0,0,42,0,0
64,0,61,57,1,45,54,64,0,63
75,69,74,71,71,77,72,76,68,72
1,66,62,0,3,0,58,57,58,0
43,39,0,38,40,37,36,42,38,39
41,39,43,38,40,43,41,42,40,39
41,39,41,41,43,37,41,40,38,38
34,28,35,34,33,35,37,35,32,29
0,35,41,37,39,41,38,36,39,38
40,41,39,42,38,43,38,0,38,44
39,37,37,31,0,37,39,1,33,37
2,34,31,30,33,33,32,29,26,37
35,34,31,32,34,33,32,0,35,35
40,37,39,42,42,1,39,43,43,43
35,33,36,37,32,37,34,35,33,37
34,35,33,35,35,32,36,32,37,2
36,35,35,35,36,36,35,34,37,34
37,35,1,35,1,36,33,33,33,37
9,8,9,7,7,9,8,7,6,8
7,6,9,9,9,8,8,7,6,9
5,7,7,0,7,4,5,4,7,7
62,73,70,64,68,72,64,65,59,66
3,5,5,6,6,2,6,4,5,5
6,9,5,9,9,9,9,9,6,8
9,9,9,7,4,9,6,8,6,7
64,57,61,61,56,61,58,63,57,46
74,72,79,70,74,78,74,77,72,71
4,8,5,6,9,8,7,5,9,6
81,79,85,85,77,85,83,83,79,83
42,29,45,35,46,39,40,42,35,39
64,60,64,55,68,64,55,64,64,66
67,68,60,69,66,59,64,67,56,71
28,44,29,2,46,2,19,41,0,2
11,1,1,3,11,1,1,1,1,1
36,36,1,41,24,43,6,46,1,1
2,7,4,27,37,29,1,11,30,37
42,46,1,29,44,46,35,44,3,1
53,1,52,49,48,51,2,51,50,0
48,52,52,54,53,50,52,50,52,49
45,45,44,44,44,45,46,47,44,45
40,46,44,45,46,2,46,45,46,42
49,49,45,46,0,48,53,48,49,49
42,44,41,43,1,45,41,45,38,3
43,35,40,3,36,39,44,39,37,43
26,1,33,41,31,39,32,38,30,7
43,44,44,43,43,42,42,1,43,46
9,10,11,10,10,13,9,14,10,14
7,14,9,14,11,12,8,13,6,11
22,0,25,17,22,25,22,22,21,21
5,8,9,9,6,7,12,5,10,10
22,20,22,25,22,23,24,22,22,20
3,0,4,2,2,2,0,3,3,0
10,16,9,9,11,6,13,14,5,13
20,14,24,16,18,18,16,19,1,18
4,12,10,9,12,12,13,5,11,7
26,24,26,24,21,20,24,22,21,26
5,4,7,6,3,6,7,2,5,6
23,22,25,22,25,21,22,23,23,25
15,16,19,13,16,16,15,14,16,17
17,15,17,17,16,21,18,16,19,15
48,54,49,48,57,49,48,52,49,52
58,51,56,52,49,50,46,58,57,1
14,10,12,15,13,12,12,10,12,0
49,49,45,43,48,53,45,47,48,53
41,45,38,41,42,48,39,44,35,42
65,68,59,62,60,58,63,67,67,69
54,48,49,52,54,50,54,49,1,56
30,31,15,27,23,32,22,20,25,20
62,0,62,61,56,66,61,59,62,61
20,28,0,28,30,27,31,34,0,23
33,29,39,24,34,0,31,27,38,28
9,6,11,9,9,9,11,12,4,9
25,33,21,29,20,21,25,34,23,29
36,0,28,27,28,33,32,21,30,26
28,27,28,27,30,30,31,29,22,28
35,35,33,36,36,33,36,35,33,36
35,27,30,23,31,30,0,0,28,32
75,73,77,68,76,80,80,72,73,76
28,32,29,24,29,27,32,29,31,33
0,33,31,26,30,31,28,31,29,25
29,28,29,26,32,29,25,29,23,28
63,72,73,74,69,69,68,76,72,74
87,94,87,91,90,90,88,91,90,90
36,30,35,33,35,35,32,34,36,34
85,91,94,90,91,84,93,86,86,93
92,93,85,90,88,90,84,87,91,95
90,91,89,90,90,92,89,87,91,84
90,96,88,94,93,92,96,92,89,92
76,79,72,79,79,77,75,80,80,79
80,78,76,74,75,70,78,74,72,71
74,79,77,78,80,77,80,80,74,79
48,49,50,50,51,52,52,49,51,50
80,80,78,82,75,78,80,78,78,76
60,69,68,61,62,65,63,66,60,64
71,75,73,75,78,73,80,69,71,75
37,40,42,44,40,35,42,41,39,40
45,38,46,1,34,33,36,36,36,38
49,57,58,57,61,61,57,58,48,1
33,36,33,35,34,30,27,39,32,38
47,46,1,42,44,50,49,45,1,48
34,1,38,33,38,37,50,40,43,38
32,36,36,40,40,38,38,32,41,41
10,10,10,11,12,10,9,10,11,10
10,10,10,9,10,0,13,7,11,9
13,15,13,12,14,15,13,13,15,12
18,19,22,23,24,25,26,19,23,20
6,6,8,12,8,9,4,3,10,6
5,8,8,11,11,9,11,8,11,9
7,6,9,3,1,8,7,8,8,5
16,25,19,19,21,24,22,18,15,0
8,8,9,8,9,8,4,11,7,7
11,7,8,10,11,8,6,9,10,1
1,2,0,27,1,21,22,22,2,18
18,21,21,0,19,23,18,13,22,19
24,24,27,18,20,23,24,23,21,23
0,15,17,17,1,0,1,18,20,20
54,53,57,55,58,55,57,57,53,57
54,44,55,45,2,51,50,52,50,50
36,37,29,30,32,34,33,29,35,28
69,64,70,68,71,69,68,67,67,67
55,59,54,53,56,59,58,57,53,52
52,56,56,54,50,57,55,56,47,55
54,51,54,56,53,56,56,57,53,52
53,55,55,55,49,56,52,54,51,52
57,61,47,1,56,48,61,60,60,59
31,42,33,37,0,37,33,42,0,30
32,33,39,29,33,30,25,24,29,0
47,54,48,47,43,37,1,36,37,32
43,49,55,54,48,50,45,47,0,49
53,44,0,45,0,46,44,44,44,43
