15,13,15,13,12,19,7,13,11,10
25,57,25,19,21,57,15,57,25,23
2,9,6,6,1,6,55,2,5,11
15,9,10,11,10,10,13,12,15,16
4,8,4,10,5,2,3,0,3,4
6,6,5,13,10,4,55,4,12,3
57,14,16,16,25,18,57,20,15,27
3,9,12,6,53,1,4,3,5,54
13,52,12,55,55,11,12,24,7,54
48,19,8,27,10,6,11,21,13,11
53,54,38,45,10,32,23,18,54,55
54,48,53,51,10,8,54,12,7,49
54,7,51,12,10,8,11,54,18,13
5,11,18,24,50,23,21,18,53,49
2,3,0,1,1,2,1,0,1,0
2,10,2,4,2,0,0,1,1,1
1,0,1,0,0,1,0,1,2,2
0,0,1,1,1,2,0,0,0,2
3,2,2,1,0,2,0,2,2,3
0,1,0,0,2,1,0,0,1,1
0,1,1,0,1,0,0,0,1,0
2,1,3,1,1,2,1,1,1,1
2,1,1,0,0,0,2,0,2,0
2,0,0,1,0,2,2,1,1,1
1,1,0,1,1,1,4,0,0,2
0,1,0,1,1,1,1,1,1,1
1,0,6,2,3,3,1,8,2,1
1,1,1,1,1,1,1,2,2,1
21,13,9,15,28,77,17,12,78,17
79,46,37,36,79,37,76,33,36,33
22,25,22,79,20,18,17,22,29,24
31,11,7,8,32,7,7,5,4,7
15,25,12,23,14,19,14,19,19,8
30,24,18,13,22,18,79,21,25,17
7,7,4,7,8,4,6,10,9,5
6,4,2,6,7,6,4,2,8,6
32,7,6,4,6,5,8,6,8,13
24,28,27,22,22,23,21,32,79,24
12,14,9,12,7,11,8,9,17,8
7,10,7,7,17,10,11,32,32,11
22,21,30,30,15,30,32,32,25,31
7,10,11,10,10,9,11,15,14,32
1,2,1,1,1,0,1,1,0,0
0,0,0,0,0,0,0,0,0,1
0,0,0,1,1,0,2,33,0,1
1,3,0,1,0,6,2,1,1,3
0,0,2,0,2,0,1,0,0,0
2,1,1,1,0,1,1,0,2,4
0,2,0,4,32,33,2,2,1,2
77,15,25,16,76,12,77,77,15,11
4,5,9,9,6,9,76,5,5,5
5,33,8,6,5,2,8,3,5,4
15,16,78,14,13,78,17,14,77,14
2,5,1,1,5,7,4,1,0,0
4,2,3,4,2,3,1,4,5,3
6,3,7,10,7,12,7,77,8,77
1,1,3,1,2,1,1,2,0,3
3,2,2,0,1,0,2,2,1,0
1,0,2,3,2,2,2,2,1,0
4,4,3,4,2,0,4,8,4,6
0,3,1,3,6,2,3,2,1,3
5,2,4,0,2,3,1,6,0,4
2,4,2,23,2,3,1,3,3,1
44,44,39,44,43,44,44,44,34,44
41,22,43,32,41,44,21,43,43,36
20,20,18,16,23,23,22,23,19,23
44,44,30,18,29,44,27,44,23,44
16,10,14,16,5,10,5,9,14,5
16,14,10,14,10,15,12,12,9,15
34,44,42,44,44,35,35,43,44,44
5,1,3,5,9,5,67,4,2,1
1,1,1,1,2,1,3,2,3,1
9,9,5,6,5,7,7,10,67,6
6,3,2,5,4,3,2,6,4,4
0,1,1,0,0,0,0,0,0,1
2,0,0,2,0,1,67,0,2,1
2,0,2,1,0,0,1,1,1,0
4,6,2,4,5,8,4,8,2,3
0,1,0,0,2,0,0,0,1,0
3,4,3,2,1,6,2,0,1,3
8,10,4,10,7,5,6,7,5,6
0,7,2,2,4,4,6,3,2,6
2,4,3,3,4,6,3,5,3,4
4,4,2,1,2,1,5,5,5,1
44,6,4,45,45,45,4,45,5,9
12,45,14,26,14,44,44,29,44,45
4,7,1,4,3,1,2,5,4,5
16,17,15,7,65,13,12,8,7,11
21,30,21,44,20,19,23,20,45,41
0,2,2,2,3,44,1,0,0,1
3,3,2,2,3,2,4,5,0,0
2,2,4,2,1,1,3,4,1,1
6,13,11,12,11,15,4,7,10,12
4,4,6,2,1,4,4,5,4,4
5,4,6,9,3,4,64,5,7,3
10,6,9,3,8,8,4,5,6,10
63,41,48,15,28,66,65,65,24,65
9,1,7,7,8,6,8,9,11,17
36,42,23,27,29,38,90,41,38,34
5,7,4,7,3,9,4,5,5,4
90,91,37,38,89,90,35,91,89,45
5,19,14,9,20,2,5,5,11,17
90,90,90,30,29,89,30,41,90,87
42,60,38,83,76,90,90,90,33,48
41,24,91,91,34,89,89,36,89,88
20,20,19,14,17,21,20,11,21,21
0,1,3,2,3,2,1,1,3,3
19,17,18,18,90,16,17,18,19,25
3,6,3,3,2,2,2,3,2,6
2,3,21,5,4,6,3,3,5,4
5,2,4,4,4,2,4,2,3,2
5,1,5,7,21,1,5,6,5,5
3,14,6,13,14,12,14,14,14,10
3,3,4,3,1,3,3,2,3,1
11,13,13,13,5,6,13,12,6,13
5,10,12,8,7,8,10,3,5,12
7,14,10,7,5,10,13,13,5,9
14,14,14,7,14,13,12,13,12,14
9,13,14,13,14,10,10,11,3,11
11,8,10,6,5,9,11,6,7,11
3,5,2,4,3,2,2,3,2,3
0,1,0,0,0,0,0,2,0,1
0,0,0,0,0,2,1,1,0,11
0,0,0,0,0,1,0,1,1,0
0,0,0,0,0,2,0,0,1,0
0,0,0,1,2,0,0,2,2,0
6,3,4,4,2,6,4,3,3,3
7,3,3,3,5,4,5,1,3,5
10,3,9,8,13,4,5,60,9,5
7,2,2,57,5,1,3,2,6,5
6,3,3,5,2,3,2,1,6,5
2,3,3,3,5,1,4,2,8,6
5,3,1,4,1,2,6,2,2,1
6,9,8,10,11,4,6,7,10,6
6,5,4,3,4,2,10,6,6,4
10,9,6,10,10,5,8,9,12,11
6,8,7,12,8,4,6,8,11,7
7,8,4,12,6,9,18,2,7,5
9,12,9,12,13,9,8,10,7,6
11,7,6,9,7,7,15,9,10,9
1,1,1,2,3,1,5,0,0,3
2,4,1,4,2,3,3,1,2,3
2,0,3,1,2,1,0,0,0,2
3,3,3,4,3,3,7,6,7,2
1,3,2,2,3,3,2,2,5,3
3,2,3,2,3,3,2,3,0,1
2,2,1,0,0,2,1,1,4,1
6,5,5,6,13,3,7,81,10,9
9,7,5,8,6,10,11,8,6,8
2,4,8,6,6,3,7,7,6,1
4,5,1,4,4,1,3,4,5,5
9,3,10,4,10,8,3,11,5,5
13,15,13,14,10,10,19,12,12,20
8,8,12,8,12,7,13,5,6,4
71,80,81,81,81,80,81,79,80,81
81,81,81,81,81,81,81,81,81,81
82,82,82,82,81,81,81,81,82,82
34,30,32,30,34,34,34,34,34,34
62,80,53,43,75,73,81,45,81,69
82,80,81,80,81,81,81,81,82,80
13,6,13,19,9,4,5,12,81,9
7,4,2,4,3,7,3,2,3,5
0,34,34,34,2,7,4,5,34,3
20,16,21,18,79,12,17,18,16,17
14,4,23,30,16,10,16,11,21,13
10,6,34,3,5,7,12,10,3,5
35,34,34,30,25,33,33,34,34,25
7,11,12,9,9,12,9,4,9,5
13,18,12,22,12,13,71,71,16,19
13,10,11,17,12,12,14,8,10,10
24,24,21,20,15,19,17,19,22,16
92,23,26,13,19,91,22,23,19,23
21,24,14,21,14,17,16,70,71,14
70,13,7,11,10,11,9,70,8,16
17,19,70,22,16,16,12,14,70,16
21,19,22,20,21,22,25,14,21,18
12,13,16,12,16,15,14,14,19,17
19,15,10,11,9,19,12,19,17,9
11,11,92,13,7,12,14,12,10,11
92,28,91,24,27,26,37,20,26,36
14,20,16,15,14,13,18,10,13,19
21,21,23,24,16,12,21,11,18,15
1,0,1,0,0,0,0,0,0,0
2,3,24,21,5,8,3,2,9,10
0,2,1,2,0,2,0,0,1,0
1,0,1,0,1,1,0,0,0,0
0,0,1,0,2,1,0,0,2,0
0,1,1,0,2,1,0,1,0,1
0,0,0,1,0,0,0,0,0,1
3,2,1,1,2,2,1,2,4,3
7,13,19,8,10,46,4,13,10,18
23,4,6,8,9,13,24,4,25,5
12,13,46,11,46,17,5,14,17,23
10,47,46,46,36,7,46,16,13,14
9,40,23,12,14,17,46,11,47,13
7,15,14,14,10,42,22,10,12,20
9,9,14,9,8,10,12,12,13,11
12,10,5,10,7,10,8,10,4,7
1,1,0,0,4,0,1,0,2,1
3,1,0,1,1,4,4,1,1,5
1,1,2,3,2,1,1,1,2,2
18,17,17,17,20,16,12,14,23,18
10,16,7,9,4,9,9,12,12,13
1,0,0,0,0,0,0,0,0,1
0,0,0,1,0,1,1,0,0,0
2,2,1,2,1,1,1,0,1,0
0,1,1,0,0,0,0,0,0,0
0,0,0,0,0,0,0,1,0,0
0,0,0,0,0,1,1,1,0,0
2,0,0,0,2,1,0,0,1,0
25,46,37,48,24,33,46,45,32,41
16,45,25,11,46,24,11,29,48,48
47,48,43,47,23,47,47,47,25,47
45,34,69,68,67,25,36,42,51,67
33,45,45,18,46,47,46,35,46,33
9,17,5,9,11,7,10,8,9,13
15,47,47,47,44,23,47,45,48,47
13,23,18,69,69,10,68,20,25,19
17,4,10,13,5,3,11,10,11,16
10,5,7,12,9,44,10,7,3,46
7,69,8,6,7,5,7,9,7,13
33,46,68,25,67,69,67,69,46,30
67,13,12,14,69,11,8,68,9,11
68,9,11,68,68,16,18,17,10,15
98,35,81,69,25,45,78,88,66,78
2,0,2,8,4,2,4,1,2,99
83,98,79,26,62,38,98,96,34,33
17,54,46,77,39,96,72,96,97,30
44,50,98,92,38,52,99,99,99,51
85,96,40,69,94,73,40,75,67,97
63,98,22,99,94,17,19,98,14,24
24,31,38,31,34,23,41,36,44,27
1,1,5,98,4,5,98,0,2,9
4,4,6,4,2,9,6,99,98,4
1,3,2,0,4,2,2,3,1,5
97,4,98,4,4,6,4,98,4,6
98,7,3,18,10,2,5,8,7,5
7,6,3,5,5,4,5,5,4,7
4,2,1,4,2,1,1,2,1,1
20,18,17,13,53,13,44,53,8,53
2,2,5,0,6,0,0,2,2,2
1,2,5,2,1,0,1,3,2,1
1,0,1,1,1,1,3,0,3,4
2,0,4,1,0,2,2,0,0,2
52,1,2,1,3,1,0,1,2,2
2,2,3,2,51,4,4,5,5,5
12,24,20,12,52,11,51,39,51,19
54,15,22,50,12,23,24,51,53,18
15,20,13,22,51,20,51,51,51,15
20,49,12,14,16,49,14,16,24,51
52,22,12,16,13,23,8,17,13,38
25,13,51,11,22,48,38,13,12,13
4,4,4,8,8,9,7,6,5,4
6,4,4,4,8,2,8,4,8,5
0,0,0,1,0,0,1,0,0,0
1,4,4,2,0,3,4,4,4,5
14,6,9,6,9,13,9,10,12,12
8,5,4,6,5,4,3,4,7,2
3,4,3,4,0,7,4,8,4,8
0,0,0,0,0,0,0,1,0,0
3,3,1,7,6,4,3,4,2,3
0,0,0,0,0,0,0,0,0,0
0,0,0,0,0,0,0,0,0,0
0,0,0,0,0,0,0,0,0,0
0,0,0,0,0,0,0,0,0,1
1,0,0,0,0,0,0,0,0,0
1,6,7,3,3,30,7,2,9,8
4,8,9,6,30,9,4,7,13,28
4,5,4,7,3,7,4,6,5,12
16,18,15,13,10,8,74,14,14,15
6,1,1,4,7,6,3,5,31,5
6,3,4,6,3,7,7,5,4,4
3,4,30,6,1,0,7,7,1,7
9,15,13,14,15,14,13,11,8,74
12,16,11,74,6,12,21,22,17,8
8,30,7,8,5,8,6,5,9,6
74,17,75,23,19,15,21,31,19,19
12,15,13,22,18,17,18,74,19,13
18,74,75,17,21,8,21,74,10,16
16,13,16,19,24,16,24,24,7,18
25,42,42,24,22,42,24,21,23,30
12,15,9,10,9,8,12,13,13,9
38,42,41,23,36,36,41,35,41,40
18,18,17,8,18,18,9,18,11,18
17,42,19,14,42,41,42,14,21,16
42,42,41,42,42,34,40,38,42,42
23,20,42,18,15,42,42,42,21,41
18,17,7,8,14,11,15,7,7,10
4,5,6,4,3,3,8,4,4,3
1,1,1,4,5,3,2,0,2,3
0,4,1,1,0,1,1,0,2,0
1,0,1,0,1,0,1,1,1,0
1,3,0,1,16,2,1,3,2,0
0,17,1,1,1,1,1,2,0,3
4,9,4,9,5,5,9,9,4,7
12,12,12,13,12,8,13,21,12,16
9,15,7,10,7,6,10,7,7,8
8,6,7,3,3,3,5,5,7,4
9,5,6,3,4,3,5,1,2,6
8,7,9,5,8,7,4,6,11,4
7,5,7,7,3,10,2,6,9,5
2,3,0,3,2,0,2,3,0,1
7,7,4,1,5,5,7,64,63,4
7,4,5,5,10,10,8,8,4,3
8,9,64,6,7,10,10,63,8,11
11,4,7,10,7,13,64,12,9,8
4,4,2,6,6,2,7,63,6,7
2,3,5,3,6,4,8,8,2,10
3,3,4,2,1,3,3,2,6,5
3,2,1,3,2,4,2,2,1,2
3,4,3,5,2,4,4,3,4,3
11,17,11,10,11,8,10,13,18,8
1,2,1,0,1,5,3,1,4,2
2,2,1,4,2,5,4,1,5,1
3,2,2,4,4,2,5,5,3,3
3,3,7,3,4,6,12,2,5,3
3,7,7,2,3,2,1,2,3,5
20,0,1,0,0,0,2,0,2,1
7,6,5,3,4,13,5,1,3,2
14,8,12,12,12,8,12,12,14,12
2,3,4,9,0,0,4,1,2,0
3,3,1,4,3,1,2,3,4,6
13,15,24,9,16,63,27,13,17,24
25,64,12,18,12,24,12,10,27,61
60,10,20,64,14,15,25,15,10,21
18,41,17,4,13,10,13,7,7,8
13,21,16,39,64,16,22,64,26,64
21,64,17,59,36,15,25,65,15,16
41,59,51,55,64,64,60,64,31,64
40,40,40,38,41,40,40,41,40,41
41,39,40,41,41,41,41,40,41,36
64,63,63,63,64,65,64,64,65,64
41,35,29,40,21,39,30,40,40,13
41,41,36,40,39,41,40,40,40,40
40,36,15,40,40,25,41,41,28,19
41,41,40,41,40,40,40,40,40,40
15,49,17,20,20,23,21,25,49,49
12,10,9,11,8,12,12,6,11,8
22,49,9,49,10,13,10,49,12,21
27,32,26,26,35,37,24,22,29,28
34,45,25,12,50,22,17,16,50,18
50,15,17,20,15,21,16,49,50,25
33,15,49,18,10,14,17,48,50,18
25,52,71,25,22,17,72,70,12,71
12,15,73,26,21,16,15,30,15,15
11,8,10,9,9,6,3,7,8,5
12,5,10,10,71,15,15,73,9,12
12,18,12,14,12,12,18,6,13,13
17,12,10,16,15,9,8,12,22,11
16,10,10,10,18,14,7,16,8,13
3,3,3,1,3,5,3,5,1,95
1,4,95,1,4,1,2,1,2,0
6,5,7,10,11,14,9,8,5,9
0,0,2,1,1,1,0,3,0,0
1,0,0,0,0,2,2,0,0,1
6,4,6,2,6,4,7,11,6,7
4,4,4,7,4,2,6,5,0,10
1,2,2,0,3,2,5,2,2,0
0,1,0,0,0,0,0,0,0,0
3,3,3,3,4,3,4,3,2,1
1,2,27,3,3,1,3,2,4,2
0,0,0,0,0,0,0,0,0,0
0,2,0,3,2,0,1,2,1,1
2,1,2,1,1,2,0,3,0,1
0,1,1,2,0,2,5,1,2,1
3,5,4,5,5,3,5,2,2,4
3,4,4,0,6,1,2,2,5,1
5,3,5,6,3,4,7,7,3,8
3,4,4,2,8,6,3,6,3,5
2,0,1,0,3,0,0,1,0,1
0,2,5,4,1,2,2,2,2,3
3,4,1,2,3,2,3,1,1,1
50,4,6,2,2,1,2,2,6,3
0,4,2,1,2,3,4,1,0,1
6,2,1,4,1,1,1,2,3,3
7,11,8,49,50,8,13,14,6,11
2,3,4,6,7,3,5,48,0,1
49,2,6,3,7,7,3,4,5,1
22,26,8,16,15,15,16,16,14,13
4,3,6,2,5,3,4,1,4,6
14,15,10,17,17,31,25,17,12,8
26,22,22,96,26,24,23,18,25,14
16,21,25,22,22,22,18,73,72,72
16,72,18,21,12,17,13,14,20,18
15,16,16,22,19,24,14,21,13,73
11,10,10,22,9,18,17,14,11,18
7,5,4,6,7,5,11,5,5,1
1,0,1,0,3,1,2,2,3,1
0,2,2,4,5,1,2,3,5,1
1,4,3,5,2,1,3,1,2,3
2,4,1,4,5,1,3,2,4,1
2,2,1,2,2,1,1,0,0,4
15,28,17,18,17,16,16,12,10,18
23,12,22,84,16,18,20,27,24,19
14,13,15,9,12,11,11,9,9,14
10,6,10,11,11,7,13,7,8,11
3,3,2,5,4,6,10,7,9,8
8,7,8,9,5,7,8,11,7,15
27,32,32,26,24,84,23,25,32,24
1,1,0,2,2,2,0,3,3,0
2,1,2,2,3,1,1,2,4,2
5,84,6,2,5,5,1,83,2,2
8,4,4,5,8,8,1,3,5,6
38,14,5,3,8,4,5,5,11,7
1,3,2,2,1,0,0,1,1,2
5,0,2,2,0,2,1,3,3,0
4,1,1,2,1,1,1,1,1,0
2,0,2,4,1,0,0,1,1,2
0,0,0,0,0,0,0,0,0,0
3,2,0,1,2,3,2,5,4,4
1,3,2,4,3,3,2,3,3,4
2,3,2,4,4,2,3,1,1,1
1,1,3,2,2,3,0,4,3,38
71,11,15,14,13,82,12,83,16,83
84,83,28,84,81,84,83,83,83,83
5,38,2,2,38,5,6,38,38,38
83,1,0,83,83,1,1,1,1,2
83,6,6,4,4,9,4,4,82,3
0,0,0,0,0,1,0,0,0,0
14,28,9,83,15,83,14,15,11,12
12,6,7,7,8,9,10,7,11,13
31,28,62,19,29,62,62,61,21,61
61,3,7,8,2,2,5,5,3,5
8,7,7,8,9,11,4,13,8,9
8,11,7,12,11,7,9,13,7,14
62,18,25,24,19,62,22,20,21,20
10,9,6,7,8,14,9,9,8,6
7,7,9,10,12,10,8,61,6,9
58,61,61,55,58,62,58,61,59,62
40,62,62,61,40,52,61,57,60,54
61,58,61,61,61,57,61,61,59,61
41,45,31,29,59,54,43,44,56,48
62,61,59,60,61,60,61,60,61,61
59,46,60,55,61,61,62,58,62,61
14,10,15,7,15,5,5,3,15,2
2,0,1,0,0,0,0,2,0,1
5,4,6,8,5,8,8,6,16,15
2,2,2,14,13,4,6,15,1,2
16,6,4,15,4,2,7,15,15,6
16,7,13,13,3,1,2,15,2,3
3,3,4,10,15,3,14,4,14,10
6,10,1,3,6,7,9,8,5,14
1,1,0,1,0,2,2,0,1,2
0,2,0,4,3,4,0,1,0,0
3,1,1,0,0,0,0,0,2,1
0,2,0,2,1,1,2,3,1,1
1,0,2,0,2,3,1,0,3,4
2,1,1,1,0,1,3,0,1,2
2,4,56,9,1,3,56,1,4,3
0,0,0,1,3,1,2,4,4,1
1,2,2,3,5,6,7,2,5,4
0,3,1,3,0,0,1,5,31,9
55,11,9,56,13,20,17,22,14,13
8,7,56,3,6,3,4,5,8,6
55,4,4,2,2,1,2,1,5,1
8,7,5,5,31,6,5,8,11,6
6,9,4,5,7,8,4,6,6,2
8,6,6,5,3,7,9,6,7,6
1,0,1,1,1,0,2,2,1,2
6,4,6,5,6,4,4,3,5,4
5,3,3,4,6,6,4,8,3,8
33,1,7,4,3,4,3,7,9,5
9,9,3,10,6,2,8,10,0,9
6,10,7,4,1,1,6,10,6,10
0,7,9,9,9,8,8,1,9,9
76,78,30,78,29,79,18,76,78,40
10,3,3,4,9,4,7,1,2,3
10,8,10,4,8,2,8,3,8,10
2,0,1,2,0,1,0,0,2,1
3,1,3,1,78,4,3,2,6,2
6,5,3,6,1,4,7,9,8,4
0,0,0,0,0,0,0,0,0,0
4,2,3,0,3,2,1,5,3,4
1,1,0,0,0,2,0,0,1,1
41,77,11,20,78,79,75,79,76,26
2,2,1,1,3,1,0,4,2,0
6,8,7,10,11,11,4,10,8,9
54,61,38,79,79,72,77,78,54,79
8,10,4,5,6,4,8,7,4,12
55,6,4,7,7,56,1,6,4,5
7,5,7,10,10,7,8,10,14,5
10,8,8,7,4,8,6,7,3,5
15,8,13,7,12,14,7,8,8,14
2,3,4,3,5,5,2,3,56,5
33,54,37,31,55,56,29,55,25,31
78,51,36,78,26,31,30,78,78,18
56,45,54,55,39,33,55,51,54,42
52,55,55,42,55,55,24,51,32,35
56,24,17,55,50,27,21,54,42,18
20,56,56,52,56,25,51,54,34,43
0,32,1,0,0,2,1,1,0,1
1,0,0,0,0,1,1,1,0,0
4,9,2,5,5,7,6,2,6,6
0,1,0,0,0,0,0,0,0,0
0,0,1,0,0,1,0,0,1,2
0,0,2,3,0,0,0,2,0,0
0,0,1,0,0,0,0,1,0,0
1,0,1,0,0,0,2,0,0,1
0,0,1,0,1,0,0,0,0,0
3,3,3,0,6,4,6,3,6,1
2,1,1,2,1,1,0,2,1,1
2,2,1,2,2,3,2,2,2,2
1,1,0,0,0,0,1,2,3,1
1,0,0,1,1,0,1,2,1,2
4,7,7,4,6,6,22,4,5,4
5,5,5,7,7,5,7,6,4,9
3,5,4,2,5,3,7,2,3,4
16,11,66,15,6,15,17,18,16,13
3,4,2,2,0,2,0,6,4,3
21,3,21,3,8,2,6,21,5,2
4,6,7,4,4,2,10,3,7,4
7,14,10,6,66,10,2,6,9,5
17,67,16,15,67,15,66,17,66,14
5,21,3,9,4,8,7,2,3,3
19,21,19,13,12,14,67,14,14,16
67,17,29,15,17,18,15,66,10,18
16,7,67,11,12,13,12,16,12,9
10,5,18,15,19,66,17,20,24,7
8,5,3,66,5,4,4,2,65,3
10,14,9,15,4,9,12,11,13,18
23,24,23,67,18,24,21,67,14,26
1,3,5,3,6,6,1,1,4,3
23,25,63,15,15,66,21,17,13,66
0,0,0,2,66,0,0,1,0,2
10,66,9,18,12,16,6,65,65,66
2,3,22,0,0,2,0,1,1,2
1,0,2,0,3,0,1,3,0,0
8,6,8,67,6,5,5,3,8,8
1,1,2,1,0,0,1,2,1,0
21,11,15,19,22,22,22,21,18,14
2,0,2,2,2,2,1,3,0,0
3,2,2,1,3,2,1,1,2,0
12,7,14,13,14,14,14,15,15,17
19,12,14,14,11,13,12,44,9,11
16,13,11,7,9,8,10,10,7,12
9,13,19,16,16,7,12,9,17,15
17,18,9,16,14,14,11,13,16,11
8,5,8,8,5,5,5,7,8,4
45,13,15,16,14,12,45,6,44,13
7,5,10,8,5,8,8,7,4,10
5,4,7,13,11,9,2,8,6,5
5,7,8,7,11,10,4,6,4,6
7,5,6,9,5,5,5,44,6,8
44,15,6,9,10,11,9,9,8,44
2,7,7,5,8,5,8,7,2,44
7,6,5,3,7,10,8,9,2,4
85,34,19,28,30,26,25,18,26,18
1,1,0,0,1,0,0,0,1,0
16,17,25,25,18,19,22,19,28,89
88,20,22,31,30,90,22,32,36,22
90,18,22,28,89,25,19,32,24,88
28,32,32,23,35,90,89,26,28,89
36,89,17,31,30,19,24,21,26,17
18,89,89,24,20,18,20,25,16,26
1,4,4,4,4,2,6,1,2,3
1,1,2,4,2,4,4,1,2,1
3,2,3,1,4,1,1,2,2,6
0,1,1,0,0,1,2,1,2,3
1,4,0,1,5,1,3,1,2,4
0,1,6,3,2,5,1,1,2,4
11,13,13,13,10,13,12,12,13,12
4,6,12,4,8,12,13,12,13,13
13,12,12,13,13,13,13,13,11,11
81,80,80,81,81,81,80,81,81,81
12,12,13,9,13,12,13,12,12,13
12,13,12,12,13,13,13,13,13,13
7,13,12,13,11,7,13,6,8,12
41,39,80,47,79,81,80,80,80,29
18,13,14,21,10,19,24,19,25,13
1,2,2,2,2,2,0,5,2,2
13,16,11,15,15,16,15,14,16,12
18,11,9,11,12,15,8,17,13,9
16,81,24,25,33,21,25,24,81,33
10,8,6,7,13,9,12,80,11,15
3,1,4,5,2,6,2,0,5,6
6,5,15,6,8,7,6,58,58,8
0,2,2,1,3,2,1,2,1,1
1,1,2,2,1,2,1,0,1,3
0,0,1,0,0,0,0,0,59,1
2,8,2,6,2,2,5,4,3,4
8,4,58,8,6,9,14,9,8,5
0,0,1,0,1,0,3,1,0,2
2,10,18,3,35,20,30,13,25,14
22,7,57,9,58,35,58,15,8,58
36,12,31,12,28,36,35,35,9,5
14,9,1,7,35,35,8,35,17,8
3,2,3,5,3,3,2,1,1,3
11,13,10,7,22,16,6,35,32,4
0,1,0,1,2,0,1,0,1,1
0,1,0,0,0,0,0,0,0,0
1,1,3,0,0,0,0,2,0,0
0,0,0,0,0,1,0,0,0,1
0,0,0,0,0,0,1,1,0,0
0,0,2,2,0,1,1,1,2,0
1,1,2,2,3,2,0,0,1,2
0,0,0,0,0,0,0,0,0,0
0,0,0,0,0,1,0,0,0,0
1,0,1,0,0,1,0,0,0,1
0,1,0,0,0,0,0,0,1,1
0,0,0,0,0,0,0,0,2,0
0,0,0,1,0,0,0,0,0,0
0,0,0,0,0,0,0,0,0,1
2,81,3,3,7,6,6,4,7,4
0,1,1,5,2,5,2,2,2,4
2,82,6,7,7,6,12,4,5,14
1,3,3,4,3,1,7,2,4,1
6,16,81,6,9,11,9,12,12,14
6,3,81,3,10,4,9,7,0,2
2,7,2,2,1,82,2,2,6,4
18,12,14,17,14,11,17,12,12,11
3,0,5,1,1,1,7,2,3,0
17,16,13,17,12,9,10,20,20,23
1,2,6,1,4,4,2,2,2,1
15,11,13,59,9,14,7,11,16,11
18,59,19,14,19,23,18,23,19,13
15,16,10,13,13,12,16,11,9,12
33,70,70,16,24,16,69,28,28,62
11,10,15,16,69,8,12,70,18,70
69,70,69,6,34,23,28,69,22,69
7,9,6,24,25,9,4,24,11,25
69,13,69,21,20,69,21,26,13,69
13,7,7,9,9,69,8,11,11,12
9,7,8,8,10,5,10,4,5,10
1,1,0,0,1,1,2,0,1,2
0,0,0,0,1,0,0,0,0,0
0,1,1,1,0,1,0,0,0,1
0,1,0,0,0,0,1,0,1,1
0,2,0,0,1,3,0,1,0,0
2,0,0,0,1,24,1,1,0,1
1,0,1,0,0,0,1,0,0,0
0,0,0,0,0,0,0,1,0,0
0,3,0,0,0,1,0,0,0,24
0,2,1,1,1,0,1,1,0,1
1,0,0,0,0,0,0,0,0,0
0,0,1,0,0,0,0,0,0,0
0,0,0,0,0,0,0,0,0,0
0,0,0,0,0,0,0,0,0,0
8,8,7,10,12,12,9,11,13,7
3,9,6,5,3,9,7,9,8,9
7,7,8,12,8,25,8,12,5,7
70,21,23,20,70,20,26,22,25,21
11,14,14,13,15,9,8,6,13,10
18,20,70,15,69,14,20,70,18,18
20,19,26,20,22,30,20,18,16,27
6,10,5,9,6,9,5,12,4,4
8,10,6,10,9,13,13,15,7,7
9,7,6,7,9,11,8,7,11,10
5,12,4,5,6,7,5,4,6,6
13,7,14,9,14,10,9,7,7,12
13,11,14,11,14,10,13,11,12,15
18,9,14,21,20,16,15,17,18,19
92,29,38,92,33,45,51,31,38,27
92,41,31,39,93,45,31,42,34,89
93,40,91,45,29,51,29,53,41,33
92,21,23,20,88,15,23,19,91,21
15,21,24,20,17,21,27,24,93,20
11,12,7,10,10,9,11,10,8,14
45,92,41,35,93,47,34,30,38,44
47,46,47,28,47,46,47,46,44,42
46,46,46,47,46,46,47,46,46,46
47,31,29,46,46,46,38,44,42,46
46,46,45,46,46,38,44,32,46,15
15,44,15,45,17,20,46,21,25,13
45,46,35,43,46,18,11,45,46,15
8,14,5,10,9,12,46,13,45,6
3,3,45,5,5,9,3,1,46,2
21,37,10,11,47,19,46,15,46,8
24,5,17,19,47,5,34,44,45,46
9,46,11,46,46,46,14,46,45,8
46,45,22,42,14,46,16,46,45,4
20,45,46,46,20,46,46,30,46,46
8,46,7,46,46,12,22,9,19,10
98,20,33,36,35,99,37,34,25,28
7,11,11,12,13,7,10,10,99,10
8,25,12,29,18,17,98,20,24,11
9,7,6,9,9,6,12,4,29,30
99,32,35,35,30,98,99,99,32,36
32,25,99,99,32,35,31,39,29,98
99,36,23,99,98,30,20,99,22,28
14,28,6,26,15,9,4,3,8,8
10,3,4,2,1,2,3,4,4,4
8,7,5,5,8,6,3,3,7,7
0,1,0,1,3,0,1,1,2,2
1,1,3,1,0,0,2,1,1,2
1,2,0,2,3,2,0,3,2,1
0,1,2,2,0,3,3,4,0,0
1,1,2,1,4,2,1,1,2,2
9,6,52,7,52,4,51,11,5,6
2,4,9,4,3,7,3,6,6,4
3,5,2,4,2,1,1,3,4,2
2,2,3,1,1,1,2,1,3,4
1,1,2,2,4,3,1,2,1,3
52,52,7,5,3,3,6,1,7,8
28,76,35,25,33,25,27,29,28,26
75,75,75,73,74,45,72,54,69,69
40,47,52,52,52,51,53,51,52,52
75,76,76,76,76,46,75,40,76,76
41,76,71,74,61,75,75,42,76,53
15,21,15,18,19,18,19,22,15,16
70,76,75,75,50,76,75,74,76,75
7,7,9,11,16,6,9,10,7,8
14,15,16,16,19,17,18,20,21,16
3,5,10,6,6,76,4,5,7,4
10,11,12,12,11,19,11,21,8,14
0,2,2,1,1,1,1,1,1,1
13,11,13,13,12,16,16,9,6,11
14,22,9,19,14,15,15,9,15,17
5,2,1,9,1,5,3,3,5,5
11,99,8,3,4,9,5,8,10,9
3,8,10,9,3,7,7,5,4,9
22,28,24,25,99,24,20,23,21,20
7,11,11,8,6,4,12,7,4,6
5,5,2,5,6,7,6,8,6,6
10,4,11,7,10,9,10,13,10,4
3,2,5,1,1,2,2,4,3,29
6,19,28,13,12,29,29,19,9,28
3,0,0,3,0,2,1,1,2,0
0,3,6,2,53,8,2,52,7,5
1,3,3,2,3,2,7,4,2,3
6,6,8,1,7,4,4,8,5,2
1,1,29,6,2,2,4,7,0,3
2,0,2,1,1,1,0,3,2,2
12,14,17,16,50,23,22,18,13,18
29,27,6,8,24,5,6,13,7,5
16,52,52,10,7,13,10,14,51,14
12,15,13,13,52,50,7,17,13,10
18,21,52,17,27,52,31,52,30,17
15,10,7,3,11,14,9,6,9,51
6,10,9,9,6,10,8,6,5,6
1,1,6,1,0,0,1,1,3,4
41,3,8,9,6,11,11,5,9,1
21,23,17,19,12,12,16,10,13,14
42,41,8,6,7,12,42,8,15,13
9,13,12,12,13,11,14,42,42,12
3,2,42,4,41,6,7,3,5,10
21,14,18,24,19,22,17,17,23,20
8,10,15,12,16,11,7,11,11,16
4,4,4,4,5,3,5,7,4,4
8,7,7,4,5,8,7,10,6,8
5,5,2,4,3,4,4,7,6,2
9,13,16,87,11,13,14,10,10,17
11,8,13,13,9,11,6,9,9,11
3,8,4,4,6,2,3,6,6,7
20,16,16,8,16,9,17,12,13,16
1,3,0,3,3,3,0,1,3,1
2,2,1,2,2,5,2,2,2,2
5,3,7,5,3,5,6,5,5,4
2,4,8,2,5,3,2,4,0,2
6,3,5,7,9,8,4,5,7,5
3,2,1,3,1,3,2,1,0,0
7,6,4,7,9,8,7,9,41,2
17,11,9,7,11,84,9,10,9,11
9,3,9,6,41,0,5,40,9,8
12,8,40,41,28,41,13,13,41,14
8,3,5,2,3,5,7,8,3,3
6,4,5,5,5,41,5,5,7,6
2,2,1,2,0,6,0,0,0,0
1,0,1,0,1,0,1,0,0,1
0,1,4,4,1,1,1,2,1,0
2,2,2,1,1,19,0,1,2,2
4,3,2,4,7,2,4,3,3,3
1,0,1,1,0,0,0,0,0,0
1,2,1,3,1,6,4,4,1,1
17,7,18,18,1,6,3,3,5,2
1,4,3,0,3,1,4,3,0,4
0,0,0,1,1,0,3,1,1,1
0,0,0,0,0,2,0,0,0,0
4,5,1,4,2,19,3,2,2,3
2,2,2,0,2,1,0,2,1,1
1,2,18,2,4,0,2,0,3,1
60,61,63,63,63,63,62,63,61,63
60,42,27,63,16,24,11,34,27,30
64,63,64,64,64,64,64,64,64,63
62,63,52,58,62,63,63,63,58,63
41,61,58,63,63,62,55,37,63,61
63,60,61,63,63,63,63,64,63,63
63,62,63,20,61,22,20,23,61,15
19,33,33,31,62,33,19,19,33,23
7,0,0,1,4,2,4,6,2,3
12,10,8,8,12,12,12,12,8,13
12,14,12,14,15,17,15,18,17,15
7,6,14,10,7,4,1,11,7,6
19,22,64,40,64,64,64,36,20,32
9,6,64,64,7,13,15,14,10,7
80,80,73,80,80,78,80,79,80,80
25,22,20,18,26,18,23,21,18,28
78,80,79,76,79,80,80,80,78,80
28,36,37,36,36,35,29,37,34,33
65,79,78,80,64,66,80,76,62,63
80,75,75,79,68,80,72,76,80,79
80,80,80,80,80,78,80,80,78,80
36,37,33,37,36,36,37,37,36,37
7,37,10,9,7,15,35,9,11,36
23,23,20,23,15,24,21,19,21,20
9,6,36,37,35,37,10,9,36,12
9,13,37,15,11,11,36,11,11,14
5,5,9,7,4,7,10,9,10,36
14,10,14,16,6,15,14,11,11,11
3,2,1,2,1,3,0,4,3,3
0,3,4,3,4,2,1,0,2,4
2,2,5,2,1,2,1,1,3,0
6,4,0,2,4,5,3,4,6,5
0,1,0,0,0,1,0,1,2,0
3,0,2,4,3,1,2,3,1,2
4,0,4,5,2,2,6,3,1,0
1,2,4,4,2,3,3,3,3,2
2,2,0,8,1,3,5,0,6,4
0,2,0,0,0,0,1,0,3,1
1,5,3,4,4,9,6,7,2,4
1,2,2,3,0,1,5,1,1,4
3,2,2,4,6,3,1,2,4,1
3,2,1,4,4,3,4,3,3,1
8,5,6,2,7,9,2,5,7,4
6,4,3,7,5,3,4,11,6,8
0,0,1,1,0,0,0,0,1,2
5,0,7,2,5,4,5,6,5,5
2,3,4,3,3,6,4,3,4,3
9,4,8,5,6,3,5,3,4,5
8,1,8,3,8,5,3,7,6,8
0,1,1,0,0,0,1,0,0,0
3,6,7,8,5,10,6,5,5,4
0,0,0,0,1,0,0,0,0,1
0,0,1,2,0,0,0,0,0,0
0,1,1,0,0,0,0,0,0,1
0,0,1,0,0,0,0,0,1,0
1,1,0,0,0,1,0,0,0,1
1,1,1,12,11,1,0,0,1,0
0,1,2,0,11,0,1,9,9,1
0,5,1,3,2,12,1,1,3,0
1,3,2,2,14,1,1,0,1,0
1,11,3,4,0,11,3,0,3,0
11,0,5,1,6,0,0,2,0,0
1,0,3,0,11,1,11,5,0,9
14,3,14,5,9,11,2,14,6,5
5,13,14,8,14,6,14,14,14,5
6,5,12,11,10,5,11,11,4,12
4,1,4,5,6,6,3,1,4,2
6,6,14,13,13,2,4,9,7,8
15,15,9,7,6,6,3,14,10,14
13,15,15,6,15,14,5,14,14,8
6,9,46,16,13,15,13,11,9,14
4,11,6,9,13,6,6,6,6,4
9,7,5,44,42,11,44,4,8,7
14,11,71,14,20,22,11,24,71,12
9,7,4,46,10,9,9,14,10,4
4,5,5,4,3,3,6,6,8,6
3,2,8,8,1,5,2,5,5,46
1,4,1,1,1,2,3,2,2,6
1,1,1,2,4,0,5,0,0,1
0,0,4,0,1,1,1,0,0,0
1,0,0,0,2,3,1,1,1,1
4,1,2,1,1,2,3,4,2,1
0,2,70,2,2,1,3,0,1,3
0,2,1,0,0,1,0,1,2,0
2,4,1,6,1,2,5,4,2,6
89,31,36,36,90,27,29,20,30,24
6,6,6,11,9,4,6,7,4,14
1,1,1,0,0,0,2,1,0,0
3,2,4,1,2,3,1,0,6,1
5,5,1,1,2,6,1,0,4,2
5,3,2,2,4,0,1,2,3,1
0,1,4,1,2,3,2,2,1,2
6,20,3,3,3,10,4,3,5,9
26,36,37,91,28,90,33,39,33,91
3,11,11,9,10,25,3,25,13,13
25,25,10,8,5,26,12,11,9,13
9,12,26,14,9,11,18,26,12,10
19,9,25,7,7,5,3,8,10,25
0,1,0,1,0,0,0,0,0,0
0,0,0,0,0,1,0,1,0,0
0,1,0,0,0,0,0,1,1,0
1,1,1,1,0,0,0,0,0,2
0,1,0,0,1,0,0,0,1,1
3,1,2,1,0,1,0,1,3,1
0,0,2,0,1,0,0,0,0,0
49,11,4,5,7,10,8,3,49,7
4,7,5,10,8,10,6,3,6,3
2,3,5,4,2,4,1,3,2,3
3,4,2,3,4,2,4,5,4,3
0,0,2,5,0,2,0,1,1,0
7,7,9,3,9,5,7,6,2,8
7,7,6,8,8,7,10,11,6,6
22,19,66,22,26,35,69,22,69,68
21,19,18,68,68,23,16,23,18,24
24,27,68,29,68,35,23,22,19,23
30,94,38,93,92,36,27,31,38,22
14,15,23,14,17,10,68,31,68,14
15,16,15,67,15,14,14,11,7,19
29,69,35,68,67,31,31,27,38,35
15,11,11,7,12,18,5,6,93,93
4,7,8,5,1,94,6,7,4,4
2,6,6,9,1,7,12,7,1,7
23,93,13,10,15,13,11,8,15,17
94,15,12,19,94,94,20,15,93,18
7,6,6,5,8,9,3,7,7,6
5,2,5,5,13,7,4,5,93,4
28,7,8,4,9,7,9,8,28,29
1,3,6,4,2,3,2,3,2,7
7,6,3,3,3,1,8,6,2,6
17,12,17,11,15,14,21,75,14,13
3,7,11,4,5,4,28,10,29,28
2,2,1,3,5,28,4,5,4,8
20,12,28,10,10,15,12,11,26,9
26,31,76,19,35,47,22,77,77,17
3,8,76,8,11,10,10,4,8,13
2,29,1,8,1,2,0,4,0,1
4,3,4,6,4,2,76,75,77,6
22,17,19,75,76,16,17,76,26,16
4,4,0,6,1,2,3,3,4,4
6,77,6,7,3,7,8,4,12,8
0,1,0,0,0,0,0,0,1,0
14,18,13,10,27,25,13,13,17,16
0,0,1,0,3,1,2,0,2,0
0,0,1,0,0,0,0,0,0,0
0,1,1,0,0,0,0,0,0,3
1,0,0,0,0,0,2,0,1,0
2,0,0,0,0,1,1,0,0,1
2,2,6,5,2,2,6,4,5,5
13,20,10,10,5,31,3,30,11,19
37,74,27,74,24,31,73,41,21,36
8,9,8,2,16,11,7,31,14,7
21,24,17,14,32,9,15,18,19,17
7,16,14,12,7,18,31,12,6,15
20,15,21,15,12,31,13,31,9,12
6,8,5,6,9,5,10,6,5,5
9,7,10,9,5,7,7,6,7,5
11,5,8,4,9,9,10,10,7,8
7,7,8,9,8,8,6,5,4,6
4,2,5,8,8,6,4,5,7,8
7,10,8,4,5,5,8,9,6,7
2,6,4,5,5,6,6,5,5,11
3,1,2,2,0,2,2,8,2,2
8,3,4,6,9,4,7,2,7,6
1,2,1,4,4,7,4,4,4,1
4,9,10,7,7,8,10,6,7,1
1,4,2,5,3,2,5,3,7,5
4,5,1,8,8,3,4,1,3,4
2,6,2,4,1,5,0,0,6,6
96,13,10,8,12,12,96,18,10,8
36,23,95,23,18,96,23,24,21,19
9,14,18,11,15,24,12,12,13,9
10,11,8,10,12,10,7,16,6,99
19,19,18,23,23,95,21,95,95,96
7,11,6,96,7,8,5,6,8,6
6,8,9,8,8,8,2,10,6,9
14,12,20,7,19,99,100,14,9,9
29,15,28,26,26,22,19,20,23,24
25,18,30,25,30,24,29,31,25,23
13,15,20,15,17,19,17,99,99,100
44,99,41,33,25,99,33,40,98,45
98,27,99,52,52,39,40,20,96,100
40,23,21,28,100,28,19,27,97,22
10,8,11,15,5,15,12,5,14,63
3,7,7,8,0,2,1,9,3,5
14,11,63,14,15,14,62,15,16,12
3,4,4,12,7,12,9,5,1,8
14,6,62,19,11,16,13,10,5,17
15,18,61,63,22,20,23,17,24,63
7,10,12,7,11,62,12,10,8,10
13,13,14,14,10,7,15,43,17,8
1,4,5,6,2,8,6,7,9,7
6,6,9,7,10,5,8,7,4,7
7,5,7,5,43,5,10,7,4,4
3,2,1,2,2,3,0,0,1,3
7,5,3,7,9,6,9,3,4,4
3,5,7,4,5,8,9,4,7,8
1,3,2,2,2,2,1,2,1,0
1,1,3,1,2,3,0,2,2,1
0,1,1,0,0,0,0,2,1,2
5,7,7,6,4,7,7,5,8,4
0,0,0,1,1,0,2,2,0,2
1,0,2,0,3,0,1,1,3,1
1,2,0,0,2,2,0,0,1,3
4,2,6,3,1,3,7,4,6,5
14,10,12,8,6,10,21,16,88,11
2,2,3,2,1,6,1,0,0,1
7,7,10,5,9,10,13,10,9,3
13,9,5,8,14,7,9,10,11,7
11,6,10,9,3,7,15,12,8,12
7,6,9,10,7,5,87,10,11,7
7,5,5,2,4,5,4,10,6,5
3,7,4,2,2,9,6,6,4,8
1,1,0,1,2,2,1,1,1,0
6,4,5,2,2,2,5,7,1,5
9,16,10,14,11,11,11,19,12,13
0,4,3,1,3,1,3,2,4,1
6,6,4,3,10,4,4,6,7,3
0,0,2,0,2,1,2,0,0,0
3,6,5,4,4,7,7,11,3,3
1,2,2,1,0,3,2,1,1,0
0,0,0,0,1,0,0,0,2,0
2,3,0,1,1,1,2,1,1,4
1,1,0,0,2,1,1,2,1,0
0,2,0,1,0,1,0,1,2,0
32,39,39,39,39,37,39,39,39,39
39,27,21,17,39,38,39,36,40,38
39,39,40,40,39,40,40,40,40,40
19,12,17,15,17,19,14,18,19,5
24,25,36,39,40,20,36,31,18,35
39,39,39,39,40,37,39,39,39,40
39,14,23,21,13,26,29,39,38,16
6,6,15,7,8,9,17,7,6,5
5,7,19,20,17,6,4,12,19,5
39,18,39,18,40,15,22,15,8,15
20,16,19,19,17,18,13,20,19,17
3,4,18,3,4,12,17,6,3,20
17,13,10,20,14,16,20,18,20,19
17,20,5,13,18,5,17,17,4,5
27,23,37,33,27,38,29,29,40,76
11,9,16,9,12,13,11,9,11,13
19,30,12,75,22,19,35,30,26,23
11,9,9,29,16,13,9,13,28,9
26,75,27,29,76,37,35,28,36,32
77,33,77,30,32,30,20,33,77,23
42,74,76,41,45,39,75,77,42,30
10,28,16,28,2,3,21,28,29,23
5,4,6,7,4,3,5,6,4,7
2,3,1,5,6,4,3,5,1,5
2,2,1,2,2,2,0,0,0,2
1,3,2,3,1,3,2,1,3,2
0,2,1,1,2,0,2,3,2,0
2,1,2,3,1,0,2,2,2,1
2,3,2,3,2,1,2,1,1,3
2,1,0,0,0,0,0,0,0,2
5,4,6,5,4,5,5,10,5,6
3,3,4,6,1,4,3,2,4,2
0,1,0,0,0,0,1,0,0,1
31,0,0,2,1,1,2,31,2,1
0,0,1,2,2,0,1,2,2,0
0,1,0,0,0,0,0,0,1,1
0,0,1,0,0,0,1,0,0,0
0,0,1,0,0,0,0,0,0,0
3,6,6,7,7,3,3,5,2,7
0,1,1,2,0,0,3,0,0,1
2,0,1,2,0,0,3,0,1,0
0,0,1,2,0,0,0,0,0,0
7,6,7,1,4,2,1,3,7,3
18,12,11,29,100,11,34,16,96,100
0,5,8,3,3,7,5,3,3,3
3,7,2,1,3,4,3,5,3,4
7,10,100,4,10,10,7,8,11,6
10,11,100,13,7,11,4,7,6,100
2,1,1,0,0,0,1,3,0,2
9,3,8,3,4,4,10,7,7,6
19,23,97,17,17,22,13,18,21,96
32,17,25,26,24,22,24,20,20,18
16,17,11,9,13,13,8,8,6,16
9,8,12,16,11,14,12,13,9,96
51,96,72,96,95,96,97,60,97,60
19,26,22,15,21,21,22,22,17,26
8,6,9,6,4,9,3,6,5,5
3,5,7,3,8,3,2,4,1,2
7,5,7,9,11,7,6,11,11,7
7,6,4,8,9,51,14,9,10,6
55,10,7,8,5,9,6,6,16,16
7,10,3,13,11,9,11,54,10,11
23,8,15,12,8,12,22,16,15,54
37,24,30,47,28,52,20,51,50,48
12,12,16,8,15,10,13,9,6,9
11,9,5,9,12,54,8,12,14,12
6,52,7,7,11,12,6,7,5,52
2,6,9,6,6,3,52,4,15,3
3,3,2,3,5,3,5,2,3,2
51,52,8,50,12,10,8,7,12,8
2,2,2,1,1,2,2,3,1,2
8,7,20,6,13,14,5,11,8,6
1,4,3,2,5,2,2,2,2,1
9,13,7,9,8,12,12,14,13,16
0,1,1,1,2,4,3,0,1,2
4,2,1,3,2,1,6,20,3,4
8,14,7,11,7,18,7,19,8,6
12,7,10,10,86,10,5,86,13,10
86,35,81,85,36,43,39,51,37,61
4,20,17,7,6,9,16,8,20,18
86,86,80,70,85,86,85,86,86,84
49,36,79,79,86,40,42,46,86,45
28,12,20,21,82,84,13,16,24,86
24,85,85,51,86,57,80,86,86,86
0,0,0,0,0,0,0,0,0,0
1,3,0,0,0,1,0,0,1,0
0,0,0,1,0,0,0,0,0,0
0,1,0,0,0,0,0,0,0,0
1,0,1,0,0,1,1,1,1,2
3,2,5,2,3,3,2,3,3,3
1,0,0,0,0,0,2,1,0,0
3,3,1,3,3,1,5,3,3,2
0,1,5,4,4,0,4,2,1,2
9,9,4,9,7,5,5,8,11,7
2,2,4,1,1,1,2,4,2,3
1,1,3,0,1,1,1,1,1,2
5,3,5,6,4,5,3,5,5,8
4,3,4,7,7,2,4,4,2,4
7,2,42,10,5,7,42,7,6,9
15,11,43,17,9,42,11,26,13,43
7,1,3,2,2,5,4,1,4,3
2,17,5,4,1,2,1,3,4,0
7,9,12,43,6,3,10,8,43,6
42,42,43,11,15,16,42,11,41,13
2,4,5,4,4,4,3,2,6,6
1,3,0,1,0,1,1,2,0,1
3,0,2,0,1,2,3,4,16,3
3,6,3,8,3,1,2,3,0,6
0,1,1,0,1,3,1,2,1,2
0,1,1,1,1,3,1,3,1,0
16,16,7,7,7,5,3,16,16,15
1,0,2,1,1,3,1,0,3,2
10,13,6,7,18,12,7,88,6,88
0,1,0,0,0,0,0,1,0,1
24,27,20,21,24,27,27,23,27,32
8,7,7,9,6,62,7,6,5,5
14,18,8,3,15,6,8,12,11,5
9,3,6,7,3,88,7,5,6,5
88,22,24,86,15,24,21,23,86,16
17,10,7,4,14,6,8,5,63,6
1,0,0,0,0,0,0,0,0,0
1,3,1,3,0,1,2,1,4,5
0,2,1,3,2,4,2,2,1,6
9,10,14,12,8,6,3,9,10,9
2,2,1,1,1,1,0,1,0,3
3,3,0,2,1,1,1,2,2,3
6,37,4,12,9,34,35,23,6,12
35,11,18,21,21,14,37,16,11,19
12,7,17,8,9,34,9,12,37,14
23,43,24,10,23,36,22,23,80,31
17,26,19,23,27,21,14,19,19,19
14,3,6,8,4,11,9,9,37,6
13,4,36,8,24,8,16,6,34,35
80,24,38,41,28,79,79,80,34,25
80,26,80,80,28,34,40,33,78,24
18,14,12,37,17,36,37,37,37,16
80,10,14,79,19,16,78,79,20,77
76,42,57,80,80,36,67,76,80,40
32,23,30,34,80,29,34,24,19,29
25,37,27,79,80,32,29,30,79,24
21,21,82,33,40,83,34,26,32,82
81,40,82,83,47,82,30,78,83,82
30,81,42,83,79,81,82,20,83,39
23,33,19,10,18,29,6,13,35,13
82,18,19,82,82,21,28,16,17,22
22,30,13,16,82,18,12,28,24,83
7,6,4,7,9,6,7,10,3,83
1,2,1,3,4,4,2,1,2,1
5,1,1,2,0,4,4,2,2,0
6,5,8,10,6,8,8,6,9,6
4,4,2,4,2,2,3,4,6,2
1,3,7,2,0,3,5,2,3,3
3,8,11,21,12,7,8,34,9,6
2,2,2,3,3,3,1,6,4,2
0,3,0,2,0,0,2,2,2,3
6,6,14,3,15,6,1,4,15,3
1,0,2,0,0,1,0,1,0,0
1,3,4,2,0,2,2,2,1,1
2,0,0,0,2,2,2,1,2,0
1,3,2,1,3,1,1,3,1,2
0,2,1,2,2,2,1,4,2,3
0,0,0,0,0,0,0,1,0,1
3,2,3,2,5,0,0,2,2,1
0,0,0,0,0,3,0,2,2,1
0,3,2,1,1,12,3,2,2,0
1,3,1,2,1,1,4,11,1,1
0,2,2,1,0,0,0,0,11,1
0,1,0,0,1,1,1,4,1,0
3,1,1,5,1,2,1,9,6,7
1,3,0,1,1,1,1,1,3,2
12,10,8,12,14,10,8,8,13,13
2,1,7,56,3,5,3,7,4,4
5,3,5,1,4,6,6,6,4,2
5,6,5,4,1,3,4,4,4,2
59,10,6,22,13,7,7,19,14,59
15,20,28,57,17,12,57,15,20,56
4,4,3,5,4,1,3,2,3,5
12,15,12,11,12,60,60,7,13,7
13,9,8,11,9,12,5,14,10,57
5,6,10,7,10,8,4,0,6,4
6,6,3,3,6,6,5,3,4,8
9,8,11,6,7,8,9,12,6,7
25,93,13,13,92,22,17,93,94,7
12,8,11,8,8,13,8,9,10,16
6,15,4,4,93,10,9,5,6,8
4,4,4,4,5,22,4,3,1,2
11,13,15,14,8,6,17,93,14,15
28,32,19,20,34,19,22,13,23,93
92,32,94,94,94,92,93,56,94,94
21,17,22,21,20,22,21,22,22,22
19,22,21,23,22,23,16,23,22,10
92,89,93,91,92,85,91,92,89,87
19,18,22,22,21,22,19,22,14,21
2,22,22,2,0,4,2,2,5,22
0,0,0,1,1,1,0,2,0,1
22,22,19,22,17,21,22,20,21,18
2,3,1,0,0,2,2,0,48,2
0,0,1,2,1,1,0,1,48,0
2,5,1,8,2,8,4,3,5,1
2,3,1,3,2,2,2,1,2,3
4,3,47,3,1,4,4,2,3,48
1,1,1,1,1,0,1,2,0,2
2,1,1,1,1,2,1,0,0,0
10,9,8,7,9,5,8,5,4,9
2,0,3,0,0,0,1,0,1,3
1,5,6,3,3,0,3,5,3,4
6,11,5,6,4,1,4,4,6,4
5,8,5,6,9,7,5,2,6,15
10,13,10,5,5,7,10,11,11,8
4,5,5,7,4,6,8,9,6,7
13,21,17,17,13,16,14,12,15,12
72,23,24,26,29,72,26,24,30,30
16,16,13,10,16,14,16,14,16,19
21,27,20,20,19,21,22,20,28,21
72,16,20,17,18,19,72,16,19,21
11,9,8,13,14,7,8,9,6,11
71,12,9,12,11,16,14,17,13,15
14,9,17,12,10,14,16,12,14,12
22,24,23,24,22,21,22,17,91,23
12,12,21,71,17,18,13,14,17,15
19,16,24,91,21,28,19,21,15,14
27,25,35,33,26,27,22,29,19,37
28,28,25,91,21,25,32,28,21,27
22,14,20,90,17,19,22,17,20,21
9,25,2,7,2,22,25,3,25,9
1,0,0,0,2,0,0,2,0,0
22,12,25,26,12,3,3,4,3,3
3,45,8,44,11,4,13,12,6,12
24,5,25,12,5,9,11,5,3,8
3,8,9,25,25,5,17,23,23,4
16,4,25,6,17,6,17,6,6,10
41,32,37,45,8,15,45,46,46,45
2,5,7,3,4,1,4,3,3,45
0,0,1,0,1,2,3,1,24,1
2,1,0,3,0,3,4,1,1,3
3,1,1,2,3,3,3,3,3,0
2,1,2,1,0,2,0,3,2,2
2,4,5,3,5,2,1,6,3,5
20,32,38,24,20,19,23,21,22,56
5,1,2,8,4,0,6,7,1,1
22,27,32,20,66,25,66,66,24,13
14,2,7,14,14,5,5,1,5,2
31,67,56,67,14,15,22,24,25,67
67,21,66,19,20,21,35,21,32,20
14,25,22,13,22,19,27,67,17,25
9,6,11,8,0,2,7,4,12,13
1,0,0,0,2,0,0,1,1,0
3,5,4,1,2,5,3,3,5,4
1,0,0,1,1,1,0,1,2,0
0,0,0,2,1,0,2,0,1,0
1,1,0,0,0,2,1,0,2,0
1,0,0,2,1,1,0,0,2,1
3,0,4,20,5,2,2,3,2,5
9,10,9,11,21,6,11,20,21,13
2,1,4,2,7,3,8,2,3,4
5,5,11,6,8,14,7,13,9,10
3,4,3,21,2,5,4,3,7,3
3,4,1,3,2,3,5,2,1,2
5,1,3,0,0,1,2,3,2,2
8,57,9,10,6,6,10,9,11,13
31,20,25,41,20,55,59,22,21,54
20,8,20,10,20,3,8,21,5,20
59,19,26,19,16,57,33,59,24,18
59,21,58,58,24,51,59,58,20,57
47,56,35,34,59,36,34,58,22,58
13,56,59,59,22,30,26,32,57,39
20,13,17,17,20,89,14,17,9,15
18,16,20,20,13,13,15,23,89,15
14,16,13,22,10,17,17,17,19,17
17,26,13,19,16,24,17,18,11,14
10,14,18,17,14,13,9,7,13,20
19,18,20,24,17,19,18,12,18,23
89,89,87,89,88,80,41,88,60,89
27,22,23,26,26,21,20,81,18,19
25,23,80,21,28,79,34,32,29,81
33,89,26,20,89,21,23,29,36,23
82,52,56,81,54,82,82,40,82,82
18,82,21,25,81,37,28,18,82,19
7,13,8,11,11,5,9,6,14,10
81,16,20,82,79,82,24,25,23,82
1,5,44,6,4,7,7,2,5,5
3,5,1,6,4,1,3,2,4,5
3,5,2,3,1,6,3,4,6,6
3,9,2,3,4,1,0,2,5,8
44,9,3,7,5,3,6,8,5,6
4,3,5,2,6,1,6,44,5,0
5,7,6,13,44,7,5,43,11,7
35,3,6,7,4,4,5,8,11,0
2,3,6,5,3,4,5,37,2,2
4,7,5,2,2,43,5,1,1,1
2,4,1,0,4,0,3,2,3,0
3,2,4,2,2,5,1,5,0,35
1,2,2,2,1,1,2,3,0,3
0,2,36,2,36,1,4,4,4,0
1,0,0,1,2,0,2,1,1,0
2,0,1,1,1,0,0,0,0,1
1,1,1,10,1,1,2,0,0,3
15,9,11,9,12,10,9,8,13,14
1,0,1,1,0,0,1,0,1,0
3,1,5,1,1,1,1,1,4,2
1,0,0,2,0,1,0,2,0,0
11,7,8,7,12,17,10,6,4,12
3,4,1,3,2,3,3,8,1,6
1,0,0,2,1,0,0,0,0,0
5,8,9,9,10,8,7,10,4,9
1,0,0,0,1,2,0,2,1,2
4,2,4,6,1,2,2,4,3,7
5,5,1,6,3,6,8,4,1,2
27,11,26,53,9,53,36,14,55,53
44,54,54,52,44,54,54,54,54,54
19,19,54,14,31,12,49,9,54,54
46,41,44,21,11,19,47,37,18,11
13,9,54,26,11,9,20,11,52,54
2,54,3,5,7,4,53,4,5,55
7,3,3,1,2,5,3,5,3,6
3,3,2,4,3,1,0,1,2,3
8,2,2,2,1,46,1,3,2,3
4,5,9,6,55,7,2,5,6,6
6,3,7,5,47,3,7,3,10,45
5,13,8,45,12,9,4,9,11,5
19,47,11,7,11,8,11,10,15,26
5,4,2,5,3,6,6,47,5,1
3,0,4,3,0,3,2,1,5,1
3,0,0,0,2,0,1,0,1,0
0,32,2,0,1,1,1,4,2,3
1,0,1,1,0,1,0,0,1,2
10,12,6,7,10,8,8,10,10,12
0,0,0,0,0,0,0,1,0,0
1,1,0,0,2,0,1,2,1,0
0,0,0,1,0,2,0,0,24,1
0,1,0,2,0,0,0,0,1,0
0,0,4,1,1,1,1,0,0,0
0,0,0,0,0,0,0,0,0,0
2,3,0,3,0,4,3,2,2,0
1,1,0,1,0,1,1,1,1,1
3,0,1,2,0,1,1,2,0,3
7,13,12,10,8,10,6,7,14,12
8,13,3,16,9,17,9,8,4,77
8,7,6,9,7,11,6,3,4,78
7,3,4,9,3,8,5,8,10,3
8,9,6,7,6,3,10,8,8,7
13,10,19,16,18,20,15,11,11,9
4,8,11,13,5,8,6,13,77,7
18,16,10,11,19,13,13,15,16,12
9,71,9,10,15,4,10,11,9,6
22,9,78,12,24,14,15,12,78,11
21,13,15,17,16,71,15,17,15,20
7,7,4,4,4,4,9,4,4,9
13,13,15,12,23,10,22,11,17,16
12,71,15,13,20,11,9,16,14,8
10,11,10,11,8,8,7,9,16,10
3,3,5,2,2,5,2,3,5,2
3,11,8,15,7,8,38,38,10,6
24,26,22,31,23,19,19,27,26,23
10,6,9,14,9,11,6,9,7,5
38,5,7,12,8,7,10,7,9,13
9,10,9,12,6,9,13,9,15,10
36,27,26,25,30,30,31,23,27,25
12,5,12,8,9,9,11,8,9,9
2,8,3,5,3,3,6,4,2,4
14,8,5,9,8,15,6,13,13,6
7,6,14,9,11,9,15,12,8,4
9,8,10,9,9,7,10,12,8,15
9,3,11,5,6,7,3,7,10,7
1,1,3,0,2,1,3,1,1,3
0,1,2,7,2,7,5,5,9,10
1,3,2,2,1,5,1,1,3,3
1,1,1,0,1,2,0,2,1,1
1,2,0,0,3,2,4,4,2,0
0,1,2,1,2,2,2,1,0,1
2,1,5,3,0,1,2,6,2,3
1,1,1,0,1,0,2,1,0,2
0,2,3,53,0,6,3,4,7,2
6,3,7,6,2,4,6,2,5,83
3,3,3,3,5,6,3,1,2,6
3,5,53,9,8,1,1,4,53,1
3,53,2,5,3,1,0,0,3,1
1,2,8,4,1,3,2,3,5,3
5,3,3,4,3,5,1,5,4,3
5,1,5,3,1,15,2,5,3,6
2,0,2,3,1,0,2,2,0,3
5,4,3,2,7,5,5,5,2,4
1,0,1,1,1,1,0,3,0,0
2,4,0,4,2,2,1,3,4,0
6,9,6,12,14,7,7,6,7,10
1,2,3,0,2,2,1,3,3,31
4,3,4,6,6,4,4,1,4,2
1,3,5,2,0,0,1,2,0,14
30,29,31,4,30,10,9,9,29,3
8,1,2,31,8,8,5,4,5,4
1,1,1,2,2,1,3,1,2,2
31,2,4,1,30,31,30,4,2,3
5,3,3,5,3,4,4,4,4,3
6,13,6,14,59,9,10,4,8,9
3,8,3,4,9,5,5,8,6,3
5,11,6,6,5,4,7,6,8,5
6,2,7,8,5,2,3,4,8,9
7,2,3,4,2,4,6,2,10,4
5,7,5,5,4,4,3,3,5,9
23,19,12,17,22,18,24,16,25,24
19,15,29,75,20,28,15,16,16,17
30,18,22,24,61,22,23,19,61,28
17,12,12,13,20,22,5,14,20,76
24,22,22,29,33,37,75,40,39,44
33,25,20,20,28,23,31,29,76,25
18,32,76,31,76,30,31,32,27,33
